body_mass_mg,density_per_m2
6.026e-4,16600
0.001995,17780
0.001995,13490
0.002512,9772
0.009333,218800
0.007586,12300
0.01995,25700
0.04786,25120
0.08511,51290
0.01514,11480
0.03311,9772
0.01175,4571
0.02188,6761
0.02692,5623
0.1514,12020
0.1318,8511
0.2042,9772
0.2818,9333
0.166,5370
0.1047,5370
0.01738,1820
0.01514,776.2
0.02188,1023
0.03236,1514
0.03981,1259
0.1023,1514
0.2188,2570
0.2344,3020
0.08128,776.2
0.06607,416.9
0.04365,263
0.1047,398.1
0.138,871
0.257,955
1.585,2089
5.888,1514
1.905,912
1.585,1122
1.38,851.1
0.3467,660.7
0.3388,331.1
0.182,398.1
0.2188,173.8
0.166,100
0.09772,36.31
7.079,776.2
4.786,707.9
5.248,602.6
3.802,446.7
3.802,288.4
3.548,234.4
7.943,234.4
43.65,295.1
87.1,173.8
1.38,162.2
1.072,81.28
3.548,67.61
4.786,81.28
10.47,162.2
0.5754,17.78
0.955,15.85
1.096,8.511
0.6166,5.129
1.38,4.169
1.445,0.5012
2.042,2.884
3.631,3.02
3.631,2.089
3.162,9.55
4.169,9.55
3.631,16.98
3.311,33.11
16.6,48.98
25.12,45.71
18.62,24.55
14.13,23.44
10.96,21.88
10,17.78
7.762,15.85
11.48,12.3
7.943,2.512
6.761,2.138
9.55,1.66
5.888,0.8128
10,0.5248
26.3,0.7079
69.18,0.3467
31.62,1.413
95.5,1.175
302,1.175
478.6,0.7943
7943,0.166
1995,7.943
269.2,20.89
87.1,13.18
114.8,6.026
562.3,2.239
8.913,1.349
2.692,3.02
0.1905,7586
