site,coast,latitude,longitude,shell_breadth_mm,shell_height_mm,aperture_length_mm
Cuba,West Atlantic,23,85,12.6,19.4,9.8
Cuba,West Atlantic,23,85,13.3,20.9,10.8
Cuba,West Atlantic,23,85,11.1,17,9
Cuba,West Atlantic,23,85,12.8,18.4,10.9
Cuba,West Atlantic,23,85,12.3,17.4,9.8
Cuba,West Atlantic,23,85,11.2,16.3,8.7
Cuba,West Atlantic,23,85,10.9,16.4,8
Cuba,West Atlantic,23,85,12.3,16.9,9.3
Cuba,West Atlantic,23,85,12.8,18.5,9.6
Cuba,West Atlantic,23,85,10.8,15.4,8.7
Cuba,West Atlantic,23,85,14.4,21.6,11.7
Cuba,West Atlantic,23,85,10.5,16.6,9
Cuba,West Atlantic,23,85,14.2,22.4,10.9
Cuba,West Atlantic,23,85,10.5,15.1,8
Cuba,West Atlantic,23,85,9.2,13.8,8
Cuba,West Atlantic,23,85,14,21,11
Cuba,West Atlantic,23,85,11,16.4,9.4
Cuba,West Atlantic,23,85,12,18.1,9.2
Cuba,West Atlantic,23,85,10.2,14,8.2
Cuba,West Atlantic,23,85,14,20.8,10.8
Brazil,West Atlantic,0,50,19.9,28,16.5
Brazil,West Atlantic,0,50,15.4,22.8,13.2
Brazil,West Atlantic,0,50,10.4,14.6,9
Brazil,West Atlantic,0,50,13.1,17.9,10.4
Brazil,West Atlantic,0,50,14.3,20.4,11.9
Brazil,West Atlantic,0,50,16.8,23.3,13.5
Brazil,West Atlantic,0,50,17.4,25.6,15.1
Brazil,West Atlantic,0,50,16.2,23.2,14
Brazil,West Atlantic,0,50,19.8,32.4,18.5
Brazil,West Atlantic,0,50,15.1,21.9,12.6
Brazil,West Atlantic,0,50,11.2,15.4,8.8
Brazil,West Atlantic,0,50,14.3,22,12.8
Brazil,West Atlantic,0,50,16.6,23.6,14
Brazil,West Atlantic,0,50,16.8,23.5,13.2
Brazil,West Atlantic,0,50,17.3,24.5,13.7
Brazil,West Atlantic,0,50,12.1,16.4,9.6
Brazil,West Atlantic,0,50,12.1,16.1,9.4
Brazil,West Atlantic,0,50,9.1,12.2,7.5
Brazil,West Atlantic,0,50,9.6,14,8.6
Brazil,West Atlantic,0,50,17.4,25.2,14.1
Bahamas,West Atlantic,27,78,13.4,21,11.4
Bahamas,West Atlantic,27,78,13.9,19.5,11.4
Bahamas,West Atlantic,27,78,14.9,21.4,11.9
Bahamas,West Atlantic,27,78,13.3,20.4,11.2
Bahamas,West Atlantic,27,78,13.3,21.8,11
Bahamas,West Atlantic,27,78,12.7,22.5,11.9
Bahamas,West Atlantic,27,78,14.5,21.7,12
Bahamas,West Atlantic,27,78,12.4,19.4,10.4
Bahamas,West Atlantic,27,78,16.2,23.9,12.2
Bahamas,West Atlantic,27,78,13.9,22,11.4
Bahamas,West Atlantic,27,78,16.2,24.8,13.5
Bahamas,West Atlantic,27,78,14.6,22.8,12.3
Bahamas,West Atlantic,27,78,15.2,23.7,12.2
Bahamas,West Atlantic,27,78,14.2,21.8,12.5
Bahamas,West Atlantic,27,78,12.5,18.8,9.9
Bahamas,West Atlantic,27,78,10.8,16.5,8.5
Bahamas,West Atlantic,27,78,12.8,19,10.1
Bahamas,West Atlantic,27,78,10.3,13.7,8.1
Bahamas,West Atlantic,27,78,10.5,15,8
Bahamas,West Atlantic,27,78,9.5,13.9,7.3
Bahamas,West Atlantic,27,78,11.9,17.5,9.4
Nicaragua,West Atlantic,13,85,16.1,24.5,14.2
Nicaragua,West Atlantic,13,85,17.6,26.5,14.5
Nicaragua,West Atlantic,13,85,16.3,24.5,14
Nicaragua,West Atlantic,13,85,15.4,23.3,12.7
Nicaragua,West Atlantic,13,85,17.4,24.5,13.3
Nicaragua,West Atlantic,13,85,16.6,25.9,14.4
Nicaragua,West Atlantic,13,85,17.4,25.6,14.8
Nicaragua,West Atlantic,13,85,18.2,25.6,15.4
Nicaragua,West Atlantic,13,85,15,22,12.6
Nicaragua,West Atlantic,13,85,16.1,23.8,13.7
Nicaragua,West Atlantic,13,85,16.2,23.8,13.9
Nicaragua,West Atlantic,13,85,16.3,23.9,12.4
Haiti,West Atlantic,18,74,9.6,14.3,8
Haiti,West Atlantic,18,74,11.4,15.1,8.6
Haiti,West Atlantic,18,74,14.5,20.9,11
Haiti,West Atlantic,18,74,12.8,21.5,10.2
Haiti,West Atlantic,18,74,11.1,16.4,8.6
Haiti,West Atlantic,18,74,11.7,17.2,9
Haiti,West Atlantic,18,74,11.9,18.3,9.1
Haiti,West Atlantic,18,74,10.1,15.5,8.6
Haiti,West Atlantic,18,74,9.5,13.9,7.5
Angola,East Atlantic,-8,-14,15.3,19.9,12.4
Angola,East Atlantic,-8,-14,12,16.8,10.1
Angola,East Atlantic,-8,-14,14.9,22.2,13.2
Angola,East Atlantic,-8,-14,14,18.2,10.9
Angola,East Atlantic,-8,-14,12.7,17.6,10.6
Angola,East Atlantic,-8,-14,11.9,16.4,10
Angola,East Atlantic,-8,-14,9.6,13.2,8
Angola,East Atlantic,-8,-14,10.8,14.9,9.1
Angola,East Atlantic,-8,-14,10.8,14.2,8.2
Angola,East Atlantic,-8,-14,11.3,15.5,9
Angola,East Atlantic,-8,-14,10.7,15.1,8.8
Angola,East Atlantic,-8,-14,12.7,17.3,10.5
Angola,East Atlantic,-8,-14,11.5,15.3,9.4
Angola,East Atlantic,-8,-14,12.5,17.8,10.2
Congo,East Atlantic,-6,-15,16,25,14.2
Congo,East Atlantic,-6,-15,18,25.4,15.1
Congo,East Atlantic,-6,-15,16.1,23,13.5
Congo,East Atlantic,-6,-15,15,22,12.7
Congo,East Atlantic,-6,-15,13.9,18.9,12.3
Congo,East Atlantic,-6,-15,13.1,18.4,11.8
Congo,East Atlantic,-6,-15,10,13.4,8.5
Congo,East Atlantic,-6,-15,10.2,14.6,8.5
Congo,East Atlantic,-6,-15,8.4,12.3,6.5
Congo,East Atlantic,-6,-15,8.4,12.5,7.1
Congo,East Atlantic,-6,-15,9.8,14.1,8
Congo,East Atlantic,-6,-15,8.5,11.3,6.9
Congo,East Atlantic,-6,-15,8.6,12.7,6.9
Congo,East Atlantic,-6,-15,8.6,12.3,7.2
Congo,East Atlantic,-6,-15,7.8,11.8,6.4
Congo,East Atlantic,-6,-15,5.1,7,3.9
Congo,East Atlantic,-6,-15,5.4,7.4,3.9
Congo,East Atlantic,-6,-15,5,6.2,3.5
Congo,East Atlantic,-6,-15,5.1,6.9,3.8
Congo,East Atlantic,-6,-15,5.6,7.5,3.5
Bermuda,West Atlantic,33,65,20.1,32.6,15.6
Bermuda,West Atlantic,33,65,20.9,32.9,18.4
Bermuda,West Atlantic,33,65,20.3,29.8,16.3
Bermuda,West Atlantic,33,65,10.1,14.8,8.4
Bermuda,West Atlantic,33,65,20.8,32.8,17.5
Bermuda,West Atlantic,33,65,22.1,35.7,17.4
Bermuda,West Atlantic,33,65,21.1,32.1,16.7
Bermuda,West Atlantic,33,65,16.5,24.6,13.5
Bermuda,West Atlantic,33,65,16.9,25.8,14.9
Bermuda,West Atlantic,33,65,20.2,30.7,16.5
Bermuda,West Atlantic,33,65,18.1,25.9,14
Congo,East Atlantic,-6,-15,23.3,32.8,16.8
Congo,East Atlantic,-6,-15,22.7,33.3,18.2
Congo,East Atlantic,-6,-15,20,30.1,16.6
Congo,East Atlantic,-6,-15,18.9,26.8,16.3
Congo,East Atlantic,-6,-15,8.9,12.9,7.2
Congo,East Atlantic,-6,-15,21.4,29.3,18
Congo,East Atlantic,-6,-15,16.8,23.5,14.1
Congo,East Atlantic,-6,-15,23.1,32.2,19.4
Congo,East Atlantic,-6,-15,19.4,27,16.9
Congo,East Atlantic,-6,-15,10.9,15.2,8.9
Congo,East Atlantic,-6,-15,11.1,16.4,9.4
Congo,East Atlantic,-6,-15,19.5,28,17.2
Congo,East Atlantic,-6,-15,15.1,20.4,12.5
Congo,East Atlantic,-6,-15,22.1,31.8,19.2
Congo,East Atlantic,-6,-15,10.7,15.4,9
Congo,East Atlantic,-6,-15,11.2,16.1,8.9
Congo,East Atlantic,-6,-15,20.5,29.7,17.5
Congo,East Atlantic,-6,-15,18.5,27.9,17.1
Congo,East Atlantic,-6,-15,13.5,19,11
Congo,East Atlantic,-6,-15,13.7,18.1,11.4
Belize,West Atlantic,17,88,13.8,21,11.3
Belize,West Atlantic,17,88,14.4,20.8,11.2
Belize,West Atlantic,17,88,14.2,20,11.5
Belize,West Atlantic,17,88,12.4,18.8,10
Belize,West Atlantic,17,88,12.5,18,10.2
Belize,West Atlantic,17,88,12.2,18.5,10.4
Belize,West Atlantic,17,88,12.7,18.8,10.1
Belize,West Atlantic,17,88,13.3,21,11.4
Belize,West Atlantic,17,88,13.5,19.6,11.4
Belize,West Atlantic,17,88,12.9,18.3,10.4
Belize,West Atlantic,17,88,16.4,23.9,12.2
Belize,West Atlantic,17,88,11.5,17.8,9.6
Belize,West Atlantic,17,88,13.5,19.2,10.5
Belize,West Atlantic,17,88,12.5,18.1,10.1
Belize,West Atlantic,17,88,13.5,21.7,11.7
Belize,West Atlantic,17,88,13.4,19.3,10.4
Belize,West Atlantic,17,88,16.6,23.5,12.4
Belize,West Atlantic,17,88,14.3,20.4,10.9
Belize,West Atlantic,17,88,13.4,18.8,10
Belize,West Atlantic,17,88,12.3,17.4,9.3
Jamaica,West Atlantic,17,78,16,25.3,13.9
Jamaica,West Atlantic,17,78,16.9,25.4,14.1
Jamaica,West Atlantic,17,78,16.3,26.9,14.1
Jamaica,West Atlantic,17,78,15.3,24.5,14.4
Jamaica,West Atlantic,17,78,16.9,25.3,14.5
Jamaica,West Atlantic,17,78,16.1,24.7,13.8
Jamaica,West Atlantic,17,78,15.2,23.6,13.1
Jamaica,West Atlantic,17,78,17.4,27.8,15.6
Jamaica,West Atlantic,17,78,15.4,24,14.2
Jamaica,West Atlantic,17,78,15.6,21.7,12.3
Jamaica,West Atlantic,17,78,15.6,24,12.4
Jamaica,West Atlantic,17,78,13.8,20,11.4
Jamaica,West Atlantic,17,78,14.4,22.3,12.4
Jamaica,West Atlantic,17,78,16.6,25.8,14.8
Jamaica,West Atlantic,17,78,14.4,22.6,12.2
Jamaica,West Atlantic,17,78,12.2,16.5,9.6
Jamaica,West Atlantic,17,78,15.6,23.4,12.9
Jamaica,West Atlantic,17,78,16.5,25.7,14.5
Jamaica,West Atlantic,17,78,15.9,22.7,14
Jamaica,West Atlantic,17,78,16.8,27.6,14.4
Jamaica,West Atlantic,17,78,13.3,21.9,11.8
Jamaica,West Atlantic,17,78,15.5,22.1,13.1
Jamaica,West Atlantic,17,78,14.3,21.2,12
Jamaica,West Atlantic,17,78,15.3,21.9,12.4
Jamaica,West Atlantic,17,78,14.6,21.3,11.8
Jamaica,West Atlantic,17,78,14.6,23.5,12.1
Jamaica,West Atlantic,17,78,15.3,22.1,13.1
Jamaica,West Atlantic,17,78,9.5,13.6,8.3
Jamaica,West Atlantic,17,78,15.6,23.3,14.3
Jamaica,West Atlantic,17,78,14.1,23.3,12.8
Jamaica,West Atlantic,17,78,14.3,25.1,12.9
Jamaica,West Atlantic,17,78,14.5,22.8,12.9
Florida,West Atlantic,27,82,19.4,32,16.2
Florida,West Atlantic,27,82,21.2,32.8,17.8
Florida,West Atlantic,27,82,18.3,29.5,15.5
Florida,West Atlantic,27,82,19.6,32.1,17.4
Florida,West Atlantic,27,82,18.3,28.8,15
Florida,West Atlantic,27,82,19.3,35.2,17.8
Florida,West Atlantic,27,82,20.6,29.6,17.1
Florida,West Atlantic,27,82,22,36.3,17.5
Florida,West Atlantic,27,82,19,29.5,16.4
Florida,West Atlantic,27,82,21.6,35.4,18.3
Florida,West Atlantic,27,82,20,36.6,18.1
Florida,West Atlantic,27,82,19.1,29.6,16.1
Florida,West Atlantic,27,82,19.9,33,17.1
Florida,West Atlantic,27,82,18.5,27.5,15
Florida,West Atlantic,27,82,18.1,29.9,15.5
Florida,West Atlantic,27,82,17.4,29.9,14.8
Florida,West Atlantic,27,82,18.6,30.5,16.2
Florida,West Atlantic,27,82,18.2,29.3,15.2
Florida,West Atlantic,27,82,19,28.2,16.5
Florida,West Atlantic,27,82,17.9,27.7,15.5
Florida,West Atlantic,27,82,19.7,30.1,16.4
Florida,West Atlantic,27,82,18.5,29.3,16.3
Florida,West Atlantic,27,82,20.2,31.7,17.2
Florida,West Atlantic,27,82,19.2,29.5,16
Florida,West Atlantic,27,82,18.9,31.5,16.3
Florida,West Atlantic,27,82,21.5,33.1,17.1
Florida,West Atlantic,27,82,10.4,31.2,16.3
Florida,West Atlantic,27,82,21,32.7,17.4
Florida,West Atlantic,27,82,20,31.9,16.5
Florida,West Atlantic,27,82,23.5,36.8,19.3
Florida,West Atlantic,27,82,19.9,31.5,16.3
Florida,West Atlantic,27,82,21.7,33.4,18
Florida,West Atlantic,27,82,19.8,29.6,15.9
Florida,West Atlantic,27,82,17.7,29.2,14.8
Florida,West Atlantic,27,82,19,28.1,16.1
Florida,West Atlantic,27,82,20,32.5,17.6
Florida,West Atlantic,27,82,20.1,30.2,16.6
Florida,West Atlantic,27,82,20.8,29.4,16.8
Florida,West Atlantic,27,82,19.8,30.2,16
Florida,West Atlantic,27,82,19,32.9,16
Florida,West Atlantic,27,82,20.4,32.1,17.4
Florida,West Atlantic,27,82,12.9,17.4,10.3
Florida,West Atlantic,27,82,19.5,29.5,16.1
Florida,West Atlantic,27,82,19.6,29.8,16.8
Florida,West Atlantic,27,82,19.7,31.2,16.9
Florida,West Atlantic,27,82,20.1,28.8,15.7
Florida,West Atlantic,27,82,22.1,32.4,17.5
Florida,West Atlantic,27,82,19.5,29.1,16
Florida,West Atlantic,27,82,21.7,32.5,17.2
Florida,West Atlantic,27,82,20.3,29.9,15.9
Florida,West Atlantic,27,82,22.7,34.7,18.2
Florida,West Atlantic,27,82,19.8,28.7,15
Florida,West Atlantic,27,82,19.2,28.9,16
Florida,West Atlantic,27,82,19.7,33.2,17.4
Florida,West Atlantic,27,82,20.8,30.9,17.1
Florida,West Atlantic,27,82,11.9,16.9,9.4
Florida,West Atlantic,27,82,19,30,15.9
Florida,West Atlantic,27,82,21.1,32.6,16.8
Florida,West Atlantic,27,82,12.9,17.8,9.5
Florida,West Atlantic,27,82,14.3,20.5,10.8
Florida,West Atlantic,27,82,21.2,33.2,16.6
Florida,West Atlantic,27,82,11.4,16.5,9
Florida,West Atlantic,27,82,12.3,17,9.5
Florida,West Atlantic,27,82,21.9,31.4,16.9
Florida,West Atlantic,27,82,12.4,17.7,9.8
Florida,West Atlantic,27,82,20.1,28.8,16.5
Florida,West Atlantic,27,82,19.7,29.6,16.2
Congo,East Atlantic,-6,-15,20.3,27.1,16.5
Congo,East Atlantic,-6,-15,19.3,26.8,16.3
Congo,East Atlantic,-6,-15,18.4,24.6,14.6
Congo,East Atlantic,-6,-15,18.5,25.5,15.3
Congo,East Atlantic,-6,-15,21.9,30.3,18.2
Congo,East Atlantic,-6,-15,16.9,21.5,14.5
Congo,East Atlantic,-6,-15,16.3,22.4,14.3
Congo,East Atlantic,-6,-15,14.4,22,12.6
Congo,East Atlantic,-6,-15,18.7,26.3,16.4
Congo,East Atlantic,-6,-15,17.9,24.7,14.3
Congo,East Atlantic,-6,-13,18.3,24,15.3
Congo,East Atlantic,-6,-13,10.9,13.6,7.7
Gabon,East Atlantic,-2,-10,15.8,23.2,13.9
Gabon,East Atlantic,-2,-10,20.2,26.9,17.8
Gabon,East Atlantic,-2,-10,14.8,20,12
Gabon,East Atlantic,-2,-10,17.4,22.9,13.5
Belize,West Atlantic,17,88,12,16.7,8.9
Belize,West Atlantic,17,88,15.2,21.3,11.3
Belize,West Atlantic,17,88,13.8,19.1,10.3
Belize,West Atlantic,17,88,14.6,21.2,11
Belize,West Atlantic,17,88,15,21.7,12
Belize,West Atlantic,17,88,14.2,21.1,11.1
Belize,West Atlantic,17,88,14,19.2,10.5
Belize,West Atlantic,17,88,13.8,19,10
Belize,West Atlantic,17,88,13.8,20.2,10.4
Belize,West Atlantic,17,88,13.7,19.1,10.2
Belize,West Atlantic,17,88,13.8,19.1,10.4
Belize,West Atlantic,17,88,12.2,15.7,9.5
Belize,West Atlantic,17,88,13.1,18.9,9.6
Belize,West Atlantic,17,88,14,21,11
Belize,West Atlantic,17,88,13.4,18.9,10
Belize,West Atlantic,17,88,12.8,19.1,9.7
Belize,West Atlantic,17,88,14,20.1,11.2
Belize,West Atlantic,17,88,16,23.2,11.7
Belize,West Atlantic,17,88,12.4,19.4,10.4
Belize,West Atlantic,17,88,13.6,20,10.5
Belize,West Atlantic,17,88,13.3,19.7,10.4
Belize,West Atlantic,17,88,12,18,9.7
Belize,West Atlantic,17,88,12.2,17.5,9.4
Belize,West Atlantic,17,88,12,16,9.3
Belize,West Atlantic,17,88,13,19.1,10.4
Belize,West Atlantic,17,88,13.7,20.3,9.9
Belize,West Atlantic,17,88,13.5,19.8,10.3
Belize,West Atlantic,17,88,13.6,18.4,11
Belize,West Atlantic,17,88,12.4,18.7,9.5
Belize,West Atlantic,17,88,14,19.4,11
Belize,West Atlantic,17,88,14.3,19.8,10.7
Belize,West Atlantic,17,88,14.5,21.1,10.6
Belize,West Atlantic,17,88,14.1,20.5,10.8
Belize,West Atlantic,17,88,13.9,19.6,11.1
Belize,West Atlantic,17,88,13.2,18.9,9.9
Belize,West Atlantic,17,88,12.9,18.1,9.9
Belize,West Atlantic,17,88,13.9,20,10.2
Belize,West Atlantic,17,88,14.1,19.4,10.9
Belize,West Atlantic,17,88,14.7,21.8,11.4
Belize,West Atlantic,17,88,13.6,19.2,10.4
Belize,West Atlantic,17,88,15.7,21.5,11.6
Belize,West Atlantic,17,88,14.3,19.5,10.5
Belize,West Atlantic,17,88,13.4,19.9,10.5
Belize,West Atlantic,17,88,14.9,21.4,10.9
Belize,West Atlantic,17,88,15.4,21.8,11.9
Belize,West Atlantic,17,88,7.8,10.2,6
Belize,West Atlantic,17,88,13.7,19.8,10.8
Belize,West Atlantic,17,88,13.2,18.7,10.2
Belize,West Atlantic,17,88,13.4,18.4,9.8
Belize,West Atlantic,17,88,10.8,14.5,8.3
Belize,West Atlantic,17,88,11.3,15.2,8.5
Belize,West Atlantic,17,88,12.8,18.9,10
Belize,West Atlantic,17,88,12.5,17.6,9.3
Belize,West Atlantic,17,88,13.7,18.8,10.3
Belize,West Atlantic,17,88,14.2,20,10.4
Belize,West Atlantic,17,88,15.1,21.8,11.3
Belize,West Atlantic,17,88,13,18.6,10.1
Belize,West Atlantic,17,88,13.1,17.7,9.9
Belize,West Atlantic,17,88,10.4,13.9,7.9
Belize,West Atlantic,17,88,13.9,19.2,10.3
Belize,West Atlantic,17,88,13.1,18.8,9.6
Belize,West Atlantic,17,88,14.5,22.4,10.8
Belize,West Atlantic,17,88,13.7,17.9,10.3
Belize,West Atlantic,17,88,15,20.9,11.4
Belize,West Atlantic,17,88,11,16,8.7
Belize,West Atlantic,17,88,12.9,18,10.2
Belize,West Atlantic,17,88,6.4,8.9,5.2
Belize,West Atlantic,17,88,13.5,18.8,10.2
Belize,West Atlantic,17,88,7,9.8,5.4
Belize,West Atlantic,17,88,14.8,21.7,10.8
Belize,West Atlantic,17,88,8.8,12.6,6.7
Belize,West Atlantic,17,88,13,18.4,9.9
Belize,West Atlantic,17,88,9.3,12.5,7.2
Belize,West Atlantic,17,88,7.7,10.4,5.9
Belize,West Atlantic,17,88,11.5,17,8.5
Belize,West Atlantic,17,88,12.1,17.2,9.3
Belize,West Atlantic,17,88,8.8,11.9,7.1
Belize,West Atlantic,17,88,13.3,18.6,10.2
Belize,West Atlantic,17,88,15.2,22,11.6
Belize,West Atlantic,17,88,16.6,21.8,12.6
Belize,West Atlantic,17,88,14.6,19.2,11.2
Belize,West Atlantic,17,88,15.1,21.2,11.1
Belize,West Atlantic,17,88,15.5,22.5,11.4
Belize,West Atlantic,17,88,12.7,17.7,9.7
Belize,West Atlantic,17,88,11.5,16.2,8.7
Belize,West Atlantic,17,88,16.8,23,12.4
Belize,West Atlantic,17,88,15,20.7,11.1
Belize,West Atlantic,17,88,12.6,17.5,9.5
Belize,West Atlantic,17,88,8.6,11.9,6.7
Belize,West Atlantic,17,88,9.4,11.9,7.2
Belize,West Atlantic,17,88,16.9,23.9,12.9
Belize,West Atlantic,17,88,14.5,19.8,10.8
Belize,West Atlantic,17,88,15.7,20.1,12
Belize,West Atlantic,17,88,13.6,18.7,10.1
Belize,West Atlantic,17,88,13,17.8,9.6
Belize,West Atlantic,17,88,15.2,20.4,11
Belize,West Atlantic,17,88,11.3,15.1,8.5
Belize,West Atlantic,17,88,12.9,17.6,10
Belize,West Atlantic,17,88,11.5,16.3,8.8
Belize,West Atlantic,17,88,13,16.5,9.4
Belize,West Atlantic,17,88,14.6,21.1,10.9
Belize,West Atlantic,17,88,12.9,17,10.1
Belize,West Atlantic,17,88,14,19.2,10.5
Belize,West Atlantic,17,88,15.6,22.3,12.2
Belize,West Atlantic,17,88,15.1,20.9,11.1
Belize,West Atlantic,17,88,9.8,13.2,7.8
Belize,West Atlantic,17,88,14.1,19.9,10.8
Belize,West Atlantic,17,88,15.8,22.2,11.6
Belize,West Atlantic,17,88,15.2,22,11.8
Belize,West Atlantic,17,88,15.6,21.6,11.3
Belize,West Atlantic,17,88,15,20.6,11.5
Belize,West Atlantic,17,88,14.1,21,11
Belize,West Atlantic,17,88,16.5,22,12.1
Belize,West Atlantic,17,88,15.5,21.5,11.7
Belize,West Atlantic,17,88,16.3,22.5,12
Belize,West Atlantic,17,88,14.4,19.2,10.8
Belize,West Atlantic,17,88,13,18.9,9.9
Belize,West Atlantic,17,88,13.4,19.7,10.3
Belize,West Atlantic,17,88,14.7,20.2,10.7
Belize,West Atlantic,17,88,14.9,20.9,11.3
Belize,West Atlantic,17,88,14.7,21.4,11
Belize,West Atlantic,17,88,15.5,22.4,11.6
Belize,West Atlantic,17,88,13.4,18.8,10.1
Belize,West Atlantic,17,88,14.4,20.8,11.4
Belize,West Atlantic,17,88,13.8,20.9,11.4
Belize,West Atlantic,17,88,16,21.5,11.5
Belize,West Atlantic,17,88,15.2,21.9,11.6
Belize,West Atlantic,17,88,15.5,22.3,11.6
Belize,West Atlantic,17,88,17.2,25.8,12.8
Belize,West Atlantic,17,88,17.4,24.4,13.1
Belize,West Atlantic,17,88,17.2,24.8,12.5
Florida,West Atlantic,27,82,17.4,27.1,13.6
Florida,West Atlantic,27,82,12.8,18.5,10.3
Florida,West Atlantic,27,82,16.9,24.4,13
Florida,West Atlantic,27,82,14.3,20.4,10.8
Florida,West Atlantic,27,82,12.4,17.5,9.5
Florida,West Atlantic,27,82,12.5,17.3,9.4
Florida,West Atlantic,27,82,18.4,26.2,14.2
Florida,West Atlantic,27,82,13.1,18.3,9.9
Florida,West Atlantic,27,82,18.8,28.8,15.1
Florida,West Atlantic,27,82,13.1,18.4,10.1
Florida,West Atlantic,27,82,12.2,16.8,9.7
Florida,West Atlantic,27,82,17.2,24.4,12.7
Florida,West Atlantic,27,82,11.2,15.6,8.6
Florida,West Atlantic,27,82,13.7,19.5,10.7
Florida,West Atlantic,27,82,10.4,14.5,7.9
Florida,West Atlantic,27,82,10.9,15,8.5
Florida,West Atlantic,27,82,12.3,17.3,9.7
Florida,West Atlantic,27,82,10.3,14.8,7.8
Florida,West Atlantic,27,82,10.2,14.3,8
Florida,West Atlantic,27,82,11.2,15.8,8.7
Florida,West Atlantic,27,82,13.9,19.7,10.2
Florida,West Atlantic,27,82,12.1,17,9.3
Florida,West Atlantic,27,82,17.2,25.2,13
Florida,West Atlantic,27,82,12.6,17.2,9.4
Florida,West Atlantic,27,82,12,17.5,9.3
Florida,West Atlantic,27,82,12.2,18,9.5
Florida,West Atlantic,27,82,11.8,17.2,9.4
Florida,West Atlantic,27,82,15.5,22.9,11.8
Florida,West Atlantic,27,82,15.1,20.8,11.5
Florida,West Atlantic,27,82,12.4,17.6,9.5
Florida,West Atlantic,27,82,13,18.5,9.8
Florida,West Atlantic,27,82,19.3,28.6,15
Florida,West Atlantic,27,82,10.5,15,8.1
Florida,West Atlantic,27,82,10.9,15.5,8.3
Florida,West Atlantic,27,82,16.7,23.6,13
Florida,West Atlantic,27,82,7.4,10.6,6
Florida,West Atlantic,27,82,15.6,23.9,12
Florida,West Atlantic,27,82,11.3,16.5,9
Florida,West Atlantic,27,82,20.5,30.2,14.9
Florida,West Atlantic,27,82,9.9,15.2,7.7
Florida,West Atlantic,27,82,20.2,28.3,15
Florida,West Atlantic,27,82,9.9,13.6,7.7
Florida,West Atlantic,27,82,18.7,26.3,13.9
Florida,West Atlantic,27,82,13,18.3,9.7
Florida,West Atlantic,27,82,10,13.6,7.7
Florida,West Atlantic,27,82,10.2,13.7,7.7
Florida,West Atlantic,27,82,10.8,15.2,8.3
Florida,West Atlantic,27,82,18.4,25.4,14.2
Florida,West Atlantic,27,82,18.5,28.6,15.3
Florida,West Atlantic,27,82,17,25.2,12.8
Florida,West Atlantic,27,82,16.7,25.7,13.4
Florida,West Atlantic,27,82,9.8,13.9,7.4
Florida,West Atlantic,27,82,19.7,30.6,15
Florida,West Atlantic,27,82,17.1,25,12.9
Florida,West Atlantic,27,82,17,24.8,13.1
Florida,West Atlantic,27,82,11.1,15.8,8.5
Florida,West Atlantic,27,82,6.8,9.7,5.5
Florida,West Atlantic,27,82,16.7,25,13.3
Florida,West Atlantic,27,82,16.6,24.9,13.7
Florida,West Atlantic,27,82,16.6,22.9,12.4
Florida,West Atlantic,27,82,12.3,16.8,9.4
Florida,West Atlantic,27,82,11.5,16,8.9
Florida,West Atlantic,27,82,11.8,17.1,8.7
Florida,West Atlantic,27,82,10.8,14.9,8.5
Florida,West Atlantic,27,82,11.5,15.8,8.8
Florida,West Atlantic,27,82,6.9,9.4,5.3
Florida,West Atlantic,27,82,10.1,14.1,7.5
Florida,West Atlantic,27,82,9.8,14.2,7.5
Florida,West Atlantic,27,82,8,10.8,6.2
Florida,West Atlantic,27,82,9.6,12.5,7.5
Florida,West Atlantic,27,82,10.8,14.8,8.5
Florida,West Atlantic,27,82,9.2,12.5,7.2
Florida,West Atlantic,27,82,9.8,13.2,7.4
Florida,West Atlantic,27,82,11.1,15.3,8.3
Florida,West Atlantic,27,82,10.4,14.3,7.8
Florida,West Atlantic,27,82,7.1,10.1,5.5
Florida,West Atlantic,27,82,12.5,17.4,9.7
Florida,West Atlantic,27,82,17.1,25.3,13.2
Florida,West Atlantic,27,82,9.4,12.9,7.2
Florida,West Atlantic,27,82,14.9,21.5,11.7
Florida,West Atlantic,27,82,17.7,27.3,13.5
Florida,West Atlantic,27,82,10.2,15.3,7.9
Florida,West Atlantic,27,82,19.1,26.4,14.7
Florida,West Atlantic,27,82,20,28.2,14.9
Florida,West Atlantic,27,82,16.8,22.7,12.6
Florida,West Atlantic,27,82,20.2,27.7,15.2
Florida,West Atlantic,27,82,19.5,28.4,15.2
Florida,West Atlantic,27,82,11.1,14.9,8.5
Florida,West Atlantic,27,82,16.4,23,12.3
Florida,West Atlantic,27,82,17.3,25,13.3
Florida,West Atlantic,27,82,17.9,25.7,13.6
Florida,West Atlantic,27,82,15.3,22.1,11.2
Florida,West Atlantic,27,82,17.5,24.5,13.1
Florida,West Atlantic,27,82,18.3,26.2,13.5
Florida,West Atlantic,27,82,15.3,22,11.9
Florida,West Atlantic,27,82,17.5,25.4,13.3
Florida,West Atlantic,27,82,16.7,22.6,12.5
Florida,West Atlantic,27,82,18.7,26.9,14.4
Florida,West Atlantic,27,82,12,16.6,9.3
Florida,West Atlantic,27,82,13.5,19.9,10.7
Florida,West Atlantic,27,82,12.5,17.6,9.4
Florida,West Atlantic,27,82,11.7,16.1,8.7
Florida,West Atlantic,27,82,12.8,17.2,9.6
Florida,West Atlantic,27,82,11.6,16.2,8.9
Florida,West Atlantic,27,82,12.1,16.4,9.3
Florida,West Atlantic,27,82,11.8,16.2,8.9
Florida,West Atlantic,27,82,16.8,24.3,13
Florida,West Atlantic,27,82,12,16.8,9
Florida,West Atlantic,27,82,10.4,14.7,8
Florida,West Atlantic,27,82,9.8,13.6,7.6
Florida,West Atlantic,27,82,12.3,17.3,9.1
Florida,West Atlantic,27,82,21.9,34.8,17.4
Florida,West Atlantic,27,82,15,21.3,11.5
Florida,West Atlantic,27,82,12.7,17,9.5
Florida,West Atlantic,27,82,13,18.6,9.7
Florida,West Atlantic,27,82,13,18.4,10.3
Florida,West Atlantic,27,82,6.1,8.1,4.8
Florida,West Atlantic,27,82,12.9,18.5,10.1
Florida,West Atlantic,27,82,12.5,17.3,9.6
Florida,West Atlantic,27,82,12.2,17.7,9.6
Florida,West Atlantic,27,82,11.5,16.1,9.1
Florida,West Atlantic,27,82,7.8,10.3,6.1
Florida,West Atlantic,27,82,11.9,16.5,9.1
Florida,West Atlantic,27,82,10.6,14.2,8
Florida,West Atlantic,27,82,10.5,14.4,8
Florida,West Atlantic,27,82,13.4,19.5,10.5
Florida,West Atlantic,27,82,18,25.4,13.7
Florida,West Atlantic,27,82,10.2,14.2,7.8
Florida,West Atlantic,27,82,12.7,18.3,9.6
Florida,West Atlantic,27,82,12.9,17.8,9.8
Florida,West Atlantic,27,82,10.5,14.6,8.4
Florida,West Atlantic,27,82,12.9,18.6,10.5
Florida,West Atlantic,27,82,12.2,18,9.4
Florida,West Atlantic,27,82,11.5,15.9,8.8
Florida,West Atlantic,27,82,11.5,16.4,9
Florida,West Atlantic,27,82,9.4,14.2,7.5
Florida,West Atlantic,27,82,5.6,7.9,4.3
Florida,West Atlantic,27,82,15.5,21.1,11.3
Florida,West Atlantic,27,82,8.6,12.2,6.6
Florida,West Atlantic,27,82,8,10.6,6.2
Florida,West Atlantic,27,82,7,9.4,5.3
Florida,West Atlantic,27,82,4.4,6,3.3
Florida,West Atlantic,27,82,21.1,30.6,16.3
Florida,West Atlantic,27,82,15.3,20.7,11.2
Florida,West Atlantic,27,82,17.1,23.5,12.4
Florida,West Atlantic,27,82,16.6,22.4,12.1
Florida,West Atlantic,27,82,13.7,19.2,10.4
Florida,West Atlantic,27,82,20.1,28.4,16.4
Florida,West Atlantic,27,82,19.3,25.8,14.6
Florida,West Atlantic,27,82,19,27.8,14.3
Florida,West Atlantic,27,82,17.2,25.9,15.8
Florida,West Atlantic,27,82,12.8,17.9,9.9
Florida,West Atlantic,27,82,13.1,18.6,10.3
Florida,West Atlantic,27,82,17.9,24.9,13.4
Florida,West Atlantic,27,82,15.2,22.4,12
Florida,West Atlantic,27,82,14,19,10.7
Florida,West Atlantic,27,82,12.2,16,9.2
Florida,West Atlantic,27,82,12.9,18.7,10.2
Florida,West Atlantic,27,82,12.6,18.3,9.5
Florida,West Atlantic,27,82,15.5,23,12.5
Florida,West Atlantic,27,82,15.7,22.5,12
Florida,West Atlantic,27,82,16.7,24.8,12.7
Florida,West Atlantic,27,82,11.7,17.3,9.3
Florida,West Atlantic,27,82,13,17.1,9.8
Florida,West Atlantic,27,82,11.8,16.2,8.9
Florida,West Atlantic,27,82,18.4,27.6,14.7
Florida,West Atlantic,27,82,25.2,38.9,18.8
Florida,West Atlantic,27,82,6.4,9.2,5.4
Florida,West Atlantic,25,83,16.2,22.5,12
Florida,West Atlantic,25,83,14.7,20.6,11.2
Florida,West Atlantic,25,83,14.2,18.6,10.5
Florida,West Atlantic,25,83,15.1,22.1,11.8
Florida,West Atlantic,25,83,12,16.1,9.1
Florida,West Atlantic,25,83,10.1,13.5,7.5
Florida,West Atlantic,25,83,12,16.1,9.1
Florida,West Atlantic,25,83,12.5,17.2,9.8
Florida,West Atlantic,25,83,14.2,20,11
Florida,West Atlantic,25,83,15.4,22.1,11.4
Florida,West Atlantic,25,83,13.5,18.1,10
Florida,West Atlantic,25,83,13.9,19.4,10
Florida,West Atlantic,25,83,11.6,15.5,9
Florida,West Atlantic,25,83,14.3,20,10.7
Florida,West Atlantic,25,83,16.1,23.2,12.6
Florida,West Atlantic,25,83,12.1,17.2,8.7
Florida,West Atlantic,25,83,12.5,16.9,9.5
Florida,West Atlantic,25,83,12.9,16.6,10
Florida,West Atlantic,25,83,14,18.4,11.2
Florida,West Atlantic,25,83,16.4,22.5,12.4
Florida,West Atlantic,25,83,8.8,11.8,6.9
Florida,West Atlantic,25,83,13.2,17.5,9.8
Florida,West Atlantic,25,83,14.9,20.4,11.2
Florida,West Atlantic,25,83,14.7,20,11.3
Florida,West Atlantic,25,83,17.1,23.7,12.3
Florida,West Atlantic,25,83,13,17.3,9.9
Florida,West Atlantic,25,83,14.3,20.7,11.2
Florida,West Atlantic,25,83,15.4,21.9,11.9
Florida,West Atlantic,25,83,15.1,21.4,11.6
Florida,West Atlantic,25,83,14.4,21.6,11.6
Florida,West Atlantic,27,82,13.6,19.2,10.2
Florida,West Atlantic,27,82,12.1,18.4,9
Florida,West Atlantic,27,82,12,17.8,9.4
Florida,West Atlantic,27,82,11.8,18,8.9
Florida,West Atlantic,27,82,11.4,17.1,8.5
Florida,West Atlantic,27,82,11.8,16.7,8.9
Florida,West Atlantic,27,82,10.4,15.7,8.2
Florida,West Atlantic,27,82,9.2,13.6,7.1
Florida,West Atlantic,27,82,8.9,12.5,6.6
Florida,West Atlantic,27,82,8.6,12,6.4
Florida,West Atlantic,27,82,8.5,12.2,6.6
Florida,West Atlantic,27,82,11,16.1,8.5
Florida,West Atlantic,27,82,12.6,18.4,9.2
Florida,West Atlantic,27,82,10.1,14.7,7.3
Florida,West Atlantic,27,82,11.2,15.4,8.2
Florida,West Atlantic,27,82,14.7,20.8,10.7
Florida,West Atlantic,27,82,12.1,18,9.2
Florida,West Atlantic,27,82,11.4,17.6,8.6
Florida,West Atlantic,27,82,10.1,14.5,7.6
Florida,West Atlantic,27,82,10,15.4,7.5
Florida,West Atlantic,27,82,11.5,16.8,8.4
Florida,West Atlantic,27,82,11.4,15.7,8.1
Florida,West Atlantic,27,82,11.3,16.5,8.4
Florida,West Atlantic,27,82,11.2,16.4,8.7
Florida,West Atlantic,27,82,10.2,15.8,8.1
Florida,West Atlantic,27,82,10.4,15.1,7.9
Florida,West Atlantic,27,82,12.2,17.5,9
Florida,West Atlantic,27,82,12.8,18.3,9.5
Florida,West Atlantic,27,82,12.1,18,9.2
Florida,West Atlantic,27,82,12.1,17.3,9.3
Florida,West Atlantic,27,82,11.5,16.9,8.6
Florida,West Atlantic,27,82,12,18.9,9.5
Florida,West Atlantic,27,82,10.8,16.8,8.2
Florida,West Atlantic,27,82,13.6,20.9,10.2
Florida,West Atlantic,27,82,14.2,19.7,10.5
Florida,West Atlantic,27,82,11.6,18.3,8.8
Jamaica,West Atlantic,18,78,10,14.2,8
Jamaica,West Atlantic,18,78,11.2,15.5,8.4
Jamaica,West Atlantic,18,78,10.8,16.3,8.4
Jamaica,West Atlantic,18,78,12.5,17.5,9.4
Jamaica,West Atlantic,18,78,13.5,19.1,10
Jamaica,West Atlantic,18,78,12.3,18.1,9.5
Jamaica,West Atlantic,18,78,15.2,22.2,11.4
Jamaica,West Atlantic,18,78,14.5,19.5,11
Jamaica,West Atlantic,18,78,12.8,19.3,10.4
Jamaica,West Atlantic,18,78,13.9,20.5,10.4
Jamaica,West Atlantic,18,78,14.4,20.5,11
Jamaica,West Atlantic,18,78,12,18.4,9.5
Jamaica,West Atlantic,18,78,11.8,16.4,8.7
Jamaica,West Atlantic,18,78,11.3,16.4,8.9
Jamaica,West Atlantic,18,78,12.9,19.2,10.4
Jamaica,West Atlantic,18,78,13.4,19.8,10.1
Jamaica,West Atlantic,18,78,12.3,16.7,9.2
Jamaica,West Atlantic,18,78,13.2,19.4,9.9
Jamaica,West Atlantic,18,78,16,23.7,11.7
Jamaica,West Atlantic,18,78,14.9,20.1,11.3
Jamaica,West Atlantic,18,78,15.2,20.2,11.5
Jamaica,West Atlantic,18,78,17.3,23.2,12.4
Jamaica,West Atlantic,18,78,14,19.7,10
Jamaica,West Atlantic,18,78,16.6,22.4,11.9
Jamaica,West Atlantic,18,78,16.7,23.8,12.3
Jamaica,West Atlantic,18,78,16.1,21.6,11.9
Jamaica,West Atlantic,18,78,15.5,22.6,11.2
Jamaica,West Atlantic,18,78,13.8,19.3,10.2
Jamaica,West Atlantic,18,78,13.9,19.7,10.8
Jamaica,West Atlantic,18,78,15.3,20,11.3
Jamaica,West Atlantic,18,78,12.6,18,10.1
Jamaica,West Atlantic,18,78,13.7,19.7,10.3
Jamaica,West Atlantic,18,78,15.8,22.1,11.4
Jamaica,West Atlantic,18,78,17.7,24.3,12.9
Jamaica,West Atlantic,18,78,14,19.3,10.6
Jamaica,West Atlantic,18,78,12.9,17.3,10.2
Jamaica,West Atlantic,18,78,15.2,20.5,11
Jamaica,West Atlantic,18,78,15.4,23.5,11.4
Jamaica,West Atlantic,18,78,14.9,20.2,10.7
Jamaica,West Atlantic,18,78,13.9,19.1,10.8
Jamaica,West Atlantic,18,78,14.8,19.8,10.7
Jamaica,West Atlantic,18,78,13.7,20.2,11.1
Jamaica,West Atlantic,18,78,16,22.1,12
Jamaica,West Atlantic,18,78,15.6,21.6,12
Jamaica,West Atlantic,18,78,15.9,22.4,12
Jamaica,West Atlantic,18,78,13.1,17.5,9.6
Jamaica,West Atlantic,18,78,13.6,18.9,10.4
Jamaica,West Atlantic,18,78,15.9,22.3,12
Jamaica,West Atlantic,18,78,16.1,22.1,12.1
Jamaica,West Atlantic,18,78,15,21.4,11.7
Jamaica,West Atlantic,18,78,13,19,9.9
Jamaica,West Atlantic,18,78,14.2,20.7,10.8
Jamaica,West Atlantic,18,78,15.2,22,11.8
Jamaica,West Atlantic,18,78,13.2,19.2,10.5
Jamaica,West Atlantic,18,78,12.3,18.5,9.8
Jamaica,West Atlantic,18,78,13.3,19.1,10.6
Jamaica,West Atlantic,18,78,15.8,21.8,12.3
Jamaica,West Atlantic,18,78,13.2,19.1,10.4
Jamaica,West Atlantic,18,78,14.1,19.8,11.1
Jamaica,West Atlantic,18,78,14.3,19.5,10.7
Jamaica,West Atlantic,18,78,13.1,18.2,10.1
Jamaica,West Atlantic,18,78,14.3,20.5,10.8
Jamaica,West Atlantic,18,78,15.6,21.8,11.5
Jamaica,West Atlantic,18,78,13.2,19.3,10.4
Jamaica,West Atlantic,18,78,12.9,17.8,9.5
Jamaica,West Atlantic,18,78,14.2,20.6,11.1
Jamaica,West Atlantic,18,78,14.4,20.7,10.5
Jamaica,West Atlantic,18,78,14.3,20.3,10.9
Jamaica,West Atlantic,18,78,13.1,18.2,9.6
Jamaica,West Atlantic,18,78,10.2,14.4,8
Jamaica,West Atlantic,18,78,9.7,14.3,7.6
Jamaica,West Atlantic,18,78,9.8,13.2,7.7
Jamaica,West Atlantic,18,78,11.3,16.4,9.1
Jamaica,West Atlantic,18,78,9.5,13.6,7.6
Jamaica,West Atlantic,18,78,7.8,11,6.3
Jamaica,West Atlantic,18,78,9,12.7,7.1
Jamaica,West Atlantic,18,78,8.5,11.6,6.2
Jamaica,West Atlantic,18,78,10.3,14.5,8.1
Jamaica,West Atlantic,18,78,9.8,14.3,8.2
Jamaica,West Atlantic,18,78,12.1,17.8,10
Jamaica,West Atlantic,18,78,12.8,17,9.7
Jamaica,West Atlantic,18,78,11.9,17.6,9
Jamaica,West Atlantic,18,78,13.7,20.8,10.6
Jamaica,West Atlantic,18,78,15,22.6,11.3
Nigeria,East Atlantic,5,-5,20.9,27.3,16
Nigeria,East Atlantic,5,-5,17.5,23.3,13.4
Nigeria,East Atlantic,5,-5,13.7,18.4,11.5
Nigeria,East Atlantic,5,-5,13.7,17.9,10.5
Senegal,East Atlantic,13,16,21.4,29.4,17
Senegal,East Atlantic,13,16,17.3,26.7,13.8
Senegal,East Atlantic,13,16,18.1,26.1,14.2
Senegal,East Atlantic,13,16,18.2,26.8,14
Liberia,East Atlantic,7,10,20,27.2,16
Liberia,East Atlantic,7,10,20.2,27.5,16.5
Liberia,East Atlantic,7,10,18.4,24.8,14.5
Sleone,East Atlantic,8,14,13.8,19.4,11.3
Sleone,East Atlantic,8,14,12.7,17.2,10.3
Senegal,East Atlantic,13,16,21.4,29.5,16.7
Senegal,East Atlantic,13,16,21.4,32.9,17.8
Senegal,East Atlantic,13,16,10,26.4,15.4
Senegal,East Atlantic,13,16,18.3,24.9,14.2
Senegal,East Atlantic,13,16,21.1,28.7,16.7
Senegal,East Atlantic,13,16,19,27.6,16
Congo,East Atlantic,-6,-15,18.3,26.5,14.1
Congo,East Atlantic,-6,-15,17.5,22.3,13.5
Congo,East Atlantic,-6,-15,16.7,23.2,12.5
Congo,East Atlantic,-6,-15,16.6,21.4,12.9
Ghana,East Atlantic,5,2,16.4,21.1,13.8
Ghana,East Atlantic,5,2,13.9,18.1,11.3
Ghana,East Atlantic,5,2,16.1,21.2,13.1
Ghana,East Atlantic,5,2,12.8,16.1,10.4
Senegal,East Atlantic,13,16,17.7,23.7,13.5
Angola,East Atlantic,-8,-14,14.7,20.6,11.1
Angola,East Atlantic,-8,-14,16.2,22.3,12.7
Angola,East Atlantic,-8,-14,12.3,16.8,9.8
Angola,East Atlantic,-8,-14,11.2,15.2,8.8
Angola,East Atlantic,-8,-14,14,17.9,10.8
Angola,East Atlantic,-8,-14,12.8,16.8,10.2
Angola,East Atlantic,-8,-14,13.9,18.3,10.6
Angola,East Atlantic,-8,-14,13.2,18.1,10.2
Angola,East Atlantic,-8,-14,10.9,14.4,8.6
Angola,East Atlantic,-8,-14,11.3,15.1,8.9
Angola,East Atlantic,-8,-14,8.3,11,6.9
Congo,East Atlantic,-6,-15,19.2,27.1,15.2
Congo,East Atlantic,-6,-15,18.3,22.8,14.5
Congo,East Atlantic,-6,-15,16.2,22.9,13.6
Congo,East Atlantic,-6,-15,15.3,19.9,12.7
Congo,East Atlantic,-6,-15,16.8,22,13.2
Congo,East Atlantic,-6,-15,19.4,25.5,15.4
Congo,East Atlantic,-6,-15,13,17,10.2
Congo,East Atlantic,-6,-15,14,18.2,10.8
Congo,East Atlantic,-6,-15,11.8,15.3,9.9
Congo,East Atlantic,-6,-15,12.6,17,9.9
Congo,East Atlantic,-6,-15,10.7,14,7.8
Congo,East Atlantic,-6,-15,10.5,14.6,8
Sleone,East Atlantic,8,14,10.2,14.2,8.2
Sleone,East Atlantic,8,14,8,10.6,6.3
Sleone,East Atlantic,8,14,9.8,13.5,8.1
Sleone,East Atlantic,8,14,8.5,11.7,6.7
Sleone,East Atlantic,8,14,8,11.5,6.2
Sleone,East Atlantic,8,14,10.9,14.3,8.2
Sleone,East Atlantic,8,14,8.9,12.2,7.1
Sleone,East Atlantic,8,14,9.4,13.3,7.3
Sleone,East Atlantic,8,14,5.3,7.1,4.3
Sleone,East Atlantic,8,14,7.3,9.7,5.7
Sleone,East Atlantic,8,14,9,11.7,7.2
Sleone,East Atlantic,8,14,8,10.6,6.4
Sleone,East Atlantic,8,14,7.3,9.5,5.8
Sleone,East Atlantic,8,14,7.5,9.7,5.9
Sleone,East Atlantic,8,14,6.5,8.7,5.1
Sleone,East Atlantic,8,14,8.7,11.9,7
Sleone,East Atlantic,8,14,8.7,11.5,6.8
Sleone,East Atlantic,8,14,8,11.7,6.4
Sleone,East Atlantic,8,14,7.2,9.8,5.7
Sleone,East Atlantic,8,14,6.1,8.4,4.9
Sleone,East Atlantic,8,14,7.5,10.7,6.1
Sleone,East Atlantic,8,14,9.4,12.7,7.2
Sleone,East Atlantic,8,14,7.9,10.6,5.9
Sleone,East Atlantic,8,14,8.1,11.8,6.3
Sleone,East Atlantic,8,14,6.7,9.5,5.5
Sleone,East Atlantic,8,14,7.2,10.2,5.9
Sleone,East Atlantic,8,14,7.5,10.5,5.7
Sleone,East Atlantic,8,14,7.2,10,5.7
Sleone,East Atlantic,8,14,7.4,10.3,6.2
Sleone,East Atlantic,8,14,3.1,3.8,2.4
Sleone,East Atlantic,8,14,9.6,12.9,7.5
Sleone,East Atlantic,8,14,7,9.4,5.5
Sleone,East Atlantic,8,14,5.3,6.9,4.2
Sleone,East Atlantic,8,14,7.5,9.7,5.8
Sleone,East Atlantic,8,14,7,9.7,5.4
Sleone,East Atlantic,8,14,8.2,11.5,6.3
Sleone,East Atlantic,8,14,6.7,9.2,5.2
Sleone,East Atlantic,8,14,6.4,8.3,5.2
Sleone,East Atlantic,8,14,6.2,8.4,4.9
Sleone,East Atlantic,8,14,4.1,5.3,3.2
Sleone,East Atlantic,8,14,8.6,11.7,6.7
Sleone,East Atlantic,8,14,7.5,10,5.7
Sleone,East Atlantic,8,14,9.1,11.7,7
Sleone,East Atlantic,8,14,7.7,11,6.1
Sleone,East Atlantic,8,14,6.6,8.4,5.2
Sleone,East Atlantic,8,14,6.4,8.3,5.1
Sleone,East Atlantic,8,14,7.9,11.2,6.5
Sleone,East Atlantic,8,14,5.8,7.9,4.8
Sleone,East Atlantic,8,14,3.2,4.3,2.4
Principe,East Atlantic,3,-8,6.6,8.6,5.3
Principe,East Atlantic,3,-8,6.8,9.2,5.4
Principe,East Atlantic,3,-8,6.1,7.7,4.6
Principe,East Atlantic,3,-8,4.9,6.4,4.2
Principe,East Atlantic,3,-8,4.5,5.6,3.7
Principe,East Atlantic,3,-8,6.8,8.5,4.9
Principe,East Atlantic,3,-8,7.7,10.7,6.3
Gabon,East Atlantic,-2,-10,11.6,16.1,8.9
Gabon,East Atlantic,-2,-10,20.7,29,15.1
Gabon,East Atlantic,-2,-10,14.2,19.3,11.5
Gabon,East Atlantic,-2,-10,12.1,16.7,9.3
Gabon,East Atlantic,-2,-10,19.6,27.6,15.1
Gabon,East Atlantic,-2,-10,15.3,22.6,12.8
Nigeria,East Atlantic,5,-5,8.9,11.4,7.4
Nigeria,East Atlantic,5,-5,8.6,11.6,7.2
Nigeria,East Atlantic,5,-5,10,13.8,8
Nigeria,East Atlantic,5,-5,9.3,12,7.5
Nigeria,East Atlantic,5,-5,7.8,10.3,6.5
Nigeria,East Atlantic,5,-5,10.1,13.5,8.1
Nigeria,East Atlantic,5,-5,10.7,14.3,7.9
Nigeria,East Atlantic,5,-5,7.8,10.7,6.6
Sleone,East Atlantic,8,14,18.5,24.9,14.5
Sleone,East Atlantic,8,14,13.4,18.7,11
Sleone,East Atlantic,8,14,17.5,24.4,13.9
Sleone,East Atlantic,8,14,8,10.2,6.2
Sleone,East Atlantic,8,14,7.4,9.3,6.1
Sleone,East Atlantic,8,14,9.2,11.8,7.2
Sleone,East Atlantic,8,14,7,9,5.5
Sleone,East Atlantic,8,14,6.7,9.1,5.4
Sleone,East Atlantic,8,14,8.4,11.1,6.7
Sleone,East Atlantic,8,14,8.3,11.6,6.3
Sleone,East Atlantic,8,14,10.1,13.4,7.7
Sleone,East Atlantic,8,14,7.5,10.2,5.8
Sleone,East Atlantic,8,14,7.2,10.2,5.9
Sleone,East Atlantic,8,14,8.4,11.5,6.5
Sleone,East Atlantic,8,14,8.2,11.5,6.7
Sleone,East Atlantic,8,14,6.9,9.5,5.6
Sleone,East Atlantic,8,14,9,12.5,7.1
Sleone,East Atlantic,8,14,6.9,9.1,5.5
Sleone,East Atlantic,8,14,8.8,12.3,6.8
Sleone,East Atlantic,8,14,8.5,11.9,6.6
Sleone,East Atlantic,8,14,8.8,11.9,7.1
Sleone,East Atlantic,8,14,8,10.3,6.4
Sleone,East Atlantic,8,14,8.4,10.8,6.4
Sleone,East Atlantic,8,14,7.5,10.4,5.9
Sleone,East Atlantic,8,14,7.9,10.4,5.8
Sleone,East Atlantic,8,14,7.4,10,5.8
Sleone,East Atlantic,8,14,7.4,10.6,5.7
Sleone,East Atlantic,8,14,7.2,9.5,5.7
Sleone,East Atlantic,8,14,4.3,5.8,3.3
Sleone,East Atlantic,8,14,8.8,12.2,7.1
Sleone,East Atlantic,8,14,8,10.9,6.2
Sleone,East Atlantic,8,14,8.8,11.4,7.1
Sleone,East Atlantic,8,14,7.8,10.3,6.2
Sleone,East Atlantic,8,14,7.7,11.3,6.2
Sleone,East Atlantic,8,14,6.5,8.5,5.2
Sleone,East Atlantic,8,14,8.6,11.8,6.4
Sleone,East Atlantic,8,14,8,11,6.5
Sleone,East Atlantic,8,14,7.2,9.7,5.7
Sleone,East Atlantic,8,14,7.3,9.4,5.7
Sleone,East Atlantic,8,14,7.6,10.2,5.9
Sleone,East Atlantic,8,14,7.7,10.7,6.1
Sleone,East Atlantic,8,14,8,11.4,6.3
Sleone,East Atlantic,8,14,8,11,6.1
Sleone,East Atlantic,8,14,6.8,9.3,5
Sleone,East Atlantic,8,14,6.9,9.5,5.5
Sleone,East Atlantic,8,14,6.5,8.6,4.9
Sleone,East Atlantic,8,14,7.3,9.6,5.8
Sleone,East Atlantic,8,14,7.3,9.7,5.7
Sleone,East Atlantic,8,14,7.9,10.4,6
Sleone,East Atlantic,8,14,7.2,9.9,6.2
Sleone,East Atlantic,8,14,7.3,10,5.7
Sleone,East Atlantic,8,14,8.4,9.3,5.4
Sleone,East Atlantic,8,14,7.3,11.4,6.5
Sleone,East Atlantic,8,14,8.2,10.1,5.7
Sleone,East Atlantic,8,14,7.1,10.8,6.2
Sleone,East Atlantic,8,14,6.5,9.3,5.7
Sleone,East Atlantic,8,14,5.9,8.9,5.3
Sleone,East Atlantic,8,14,5.9,7.6,4.6
Sleone,East Atlantic,8,14,5.3,6.8,4.2
Sleone,East Atlantic,8,14,8.2,11.2,6.4
Sleone,East Atlantic,8,14,7.5,10,5.8
Sleone,East Atlantic,8,14,7.4,9.6,5.7
Sleone,East Atlantic,8,14,7.7,10.4,5.9
Sleone,East Atlantic,8,14,7.1,9.2,5.4
Sleone,East Atlantic,8,14,6.7,9.5,5.4
Sleone,East Atlantic,8,14,7.3,9.7,5.7
Sleone,East Atlantic,8,14,7.5,10.3,6
Sleone,East Atlantic,8,14,6.8,9.3,5.3
Sleone,East Atlantic,8,14,5.8,8,4.4
Sleone,East Atlantic,8,14,5.7,7.6,4.4
Sleone,East Atlantic,8,14,5.2,6.7,3.7
Sleone,East Atlantic,8,14,4.4,5.8,3.4
Sleone,East Atlantic,8,14,3.8,4.9,2.9
Sleone,East Atlantic,8,14,3.1,4.1,2.4
Sleone,East Atlantic,8,14,11.6,15.5,8.8
Sleone,East Atlantic,8,14,8.4,11.3,6.7
Sleone,East Atlantic,8,14,8.1,10.8,6.5
Sleone,East Atlantic,8,14,8.6,11,6.6
Sleone,East Atlantic,8,14,9.1,11.5,6.3
Sleone,East Atlantic,8,14,8.6,11.4,6.5
Ghana,East Atlantic,5,2,7.3,9.8,5.9
Ghana,East Atlantic,5,2,8.7,12,6.7
Ghana,East Atlantic,5,2,8.8,12.4,6.7
Ghana,East Atlantic,5,2,8.5,12.3,6.5
Ghana,East Atlantic,5,2,7.2,10,5.6
Ghana,East Atlantic,5,2,7.1,9.6,5.9
Ghana,East Atlantic,5,2,8.4,11.9,6.8
Ghana,East Atlantic,5,2,6.5,9.4,5.2
Ghana,East Atlantic,5,2,7.6,10,6.1
Ghana,East Atlantic,5,2,7.1,10.2,5.6
Ghana,East Atlantic,5,2,8,11.2,6.1
Ghana,East Atlantic,5,2,6.8,9.7,5.6
Ghana,East Atlantic,5,2,7.1,9.8,5.7
Ghana,East Atlantic,5,2,7,9.8,5.5
Ghana,East Atlantic,5,2,6.5,8.5,5
Ghana,East Atlantic,5,2,6.4,8.4,5
Ghana,East Atlantic,5,2,7.7,10.9,6
Ghana,East Atlantic,5,2,6.2,8.5,4.9
Ghana,East Atlantic,5,2,6.5,8.8,5.1
Ghana,East Atlantic,5,2,7.2,9.8,5.6
Ghana,East Atlantic,5,2,7.5,10.6,6
Ghana,East Atlantic,5,2,6.7,9.5,5.6
Ghana,East Atlantic,5,2,6.8,9.9,5.3
Ghana,East Atlantic,5,2,7.3,10,5.8
Ghana,East Atlantic,5,2,5.4,7.4,4.3
Ghana,East Atlantic,5,2,7.4,10.5,5.7
Ghana,East Atlantic,5,2,6.7,9.4,5
Ghana,East Atlantic,5,2,8.6,11.6,7
Ghana,East Atlantic,5,2,7.5,10.1,5.9
Ghana,East Atlantic,5,2,6.2,8.7,5.1
Ghana,East Atlantic,5,2,8,11,6.2
Ghana,East Atlantic,5,2,7.2,9.8,5.5
Ghana,East Atlantic,5,2,7.2,9.8,5.4
Ghana,East Atlantic,5,2,6.5,8.9,5.1
Ghana,East Atlantic,5,2,7.6,10.7,5.8
Ghana,East Atlantic,5,2,7.8,11.3,6
Ghana,East Atlantic,5,2,7.8,10.8,6.1
Ghana,East Atlantic,5,2,7.4,10.1,6
Ghana,East Atlantic,5,2,7.1,10.5,5.8
Ghana,East Atlantic,5,2,7.3,9.5,6.1
Ghana,East Atlantic,5,2,6.1,7.8,4.8
Ghana,East Atlantic,5,2,6.1,8.1,4.9
Ghana,East Atlantic,5,2,5.9,8.1,4.8
Ghana,East Atlantic,5,2,7.3,10,5.9
Ghana,East Atlantic,5,2,6.9,9.5,5.4
Ghana,East Atlantic,5,2,6,8,4.9
Ghana,East Atlantic,5,2,6.2,8.5,4.9
Ghana,East Atlantic,5,2,7,9.3,5.6
Ghana,East Atlantic,5,2,6.7,9.8,5.3
Ghana,East Atlantic,5,2,6.3,9.1,5.1
Ghana,East Atlantic,5,2,5.8,7.8,4.8
Ghana,East Atlantic,5,2,5.5,7.4,4.3
Ghana,East Atlantic,5,2,5.2,6.8,4.2
Ghana,East Atlantic,5,2,6.7,9.3,5.1
Ghana,East Atlantic,5,2,7.8,10.9,5.8
Ghana,East Atlantic,5,2,6.8,9.2,5.5
Ghana,East Atlantic,5,2,6.9,9.2,5.8
Ghana,East Atlantic,5,2,6.5,9,5
Ghana,East Atlantic,5,2,6.8,9.6,5.4
Ghana,East Atlantic,5,2,6.1,8.5,4.9
Ghana,East Atlantic,5,2,6.4,8.7,4.8
Ghana,East Atlantic,5,2,7.9,11.4,5.8
Ghana,East Atlantic,5,2,6.2,8.5,5.2
Ghana,East Atlantic,5,2,7.7,11,5.9
Ghana,East Atlantic,5,2,5.6,7.6,4.6
Ghana,East Atlantic,5,2,8.4,11.9,6.7
Ghana,East Atlantic,5,2,6.9,8.9,5.3
Ghana,East Atlantic,5,2,5.5,7.4,4.3
Ghana,East Atlantic,5,2,5.7,7.7,4.3
Ghana,East Atlantic,5,2,6.8,9.6,5.6
Ghana,East Atlantic,5,2,6.3,8.4,4.7
Ghana,East Atlantic,5,2,6.8,9.3,5.7
Ghana,East Atlantic,5,2,5.8,7.7,4.5
Ghana,East Atlantic,5,2,6.8,9.3,5.4
Ghana,East Atlantic,5,2,6.3,8.5,4.9
Ghana,East Atlantic,5,2,6.9,9.3,6
Ghana,East Atlantic,5,2,6.3,8.9,5.1
Ghana,East Atlantic,5,2,6.1,8.5,5
Ghana,East Atlantic,5,2,7.5,10.8,5.9
Ghana,East Atlantic,5,2,7.4,10,5.4
Ghana,East Atlantic,5,2,6.7,8.8,5.2
Ghana,East Atlantic,5,2,7.9,10.9,6.1
Ghana,East Atlantic,5,2,6.8,9.4,5.5
Ghana,East Atlantic,5,2,2.8,3.7,2.3
Ghana,East Atlantic,5,2,6.2,8.5,5
Ghana,East Atlantic,5,2,6.7,9.2,5.2
Ghana,East Atlantic,5,2,7.4,10,5.9
Ghana,East Atlantic,5,2,7.9,10.2,6.1
Ghana,East Atlantic,5,2,7.7,11.1,6
Ghana,East Atlantic,5,2,7.7,11,6
