Name,census,Eastings,Northings,Flower
100a,1,731283,4712942,1
101a,1,731283,4712945,19
102a,1,731283,4712945,19
103a,1,731280,4712945,19
104a,1,731281,4712946,19
105a,1,731281,4712945,1
106a,1,731280,4712943,1
107a,1,731397,4712960,19
108a,1,731405,4712961,19
109a,1,731405,4712962,19
10a,1,731205,4712363,1
110a,1,731406,4712962,19
111a,1,731407,4712963,19
112a,1,731407,4712963,19
113a,1,731376,4712973,19
114a,1,731397,4713016,19
115a,1,731398,4713018,19
116a,1,731400,4713020,1
117a,1,731432,4713044,1
118a,1,731433,4713044,1
119a,1,731432,4713046,1
11a,1,731207,4712356,19
120a,1,731431,4713046,1
121a,1,731431,4713046,1
122a,1,731432,4713045,1
123a,1,731431,4713045,1
124a,1,731431,4713045,1
125a,1,731432,4713044,1
126a,1,731432,4713044,1
127a,1,731433,4713045,1
128a,1,731433,4713043,1
129a,1,731433,4713043,1
12a,1,731207,4712357,19
130a,1,731433,4713044,1
131a,1,731431,4713043,1
132a,1,731430,4713044,1
133a,1,731430,4713044,1
134a,1,731431,4713044,1
135a,1,731431,4713044,1
136a,1,731434,4713043,1
137a,1,731433,4713042,1
138a,1,731432,4713041,1
139a,1,731433,4713042,1
13a,1,731219,4712356,19
140a,1,731433,4713041,1
141a,1,731433,4713041,1
142a,1,731432,4713041,1
143a,1,731433,4713041,1
144a,1,731431,4713040,1
145a,1,731431,4713038,1
146a,1,731430,4713038,1
147a,1,731428,4713038,1
148a,1,731426,4713036,1
149a,1,731425,4713036,1
14a,1,731221,4712359,1
150a,1,731422,4713036,1
151a,1,731420,4713036,1
152a,1,731420,4713036,1
153a,1,731419,4713035,1
154a,1,731418,4713036,1
155a,1,731425,4713037,1
156a,1,731430,4713038,1
157a,1,731432,4713038,1
158a,1,731433,4713040,1
159a,1,731433,4713039,1
15a,1,731222,4712362,1
160a,1,731431,4713043,1
16a,1,731223,4712362,1
17a,1,731224,4712375,19
18a,1,731240,4712360,19
19a,1,731239,4712361,19
1a,1,731193,4712370,1
20a,1,731240,4712358,19
21a,1,731248,4712356,19
22a,1,731249,4712358,19
23a,1,731255,4712361,19
24a,1,731263,4712364,19
25a,1,731261,4712364,19
26a,1,731399,4712539,19
27a,1,731393,4712635,19
28a,1,731376,4712753,1
29a,1,731377,4712756,1
2a,1,731193,4712371,1
30a,1,731401,4712763,19
31a,1,731396,4712761,19
32a,1,731398,4712770,19
33a,1,731450,4712876,1
34a,1,731442,4712892,19
35a,1,731442,4712892,19
36a,1,731442,4712892,1
37a,1,731442,4712892,1
38a,1,731442,4712892,1
39a,1,731442,4712892,1
3a,1,731192,4712370,1
40a,1,731350,4712861,1
41a,1,731432,4713053,1
42a,1,731430,4713053,1
43a,1,731429,4713052,1
44a,1,731420,4713045,1
45a,1,731418,4713044,1
46a,1,731416,4713043,1
47a,1,731418,4713042,1
48a,1,731421,4713045,1
49a,1,731421,4713045,1
4a,1,731193,4712363,1
50a,1,731421,4713045,1
51a,1,731421,4713045,1
52a,1,731421,4713045,1
53a,1,731421,4713045,1
54a,1,731421,4713045,1
55a,1,731421,4713045,1
56a,1,731404,4713413,1
57a,1,731403,4713413,1
58a,1,731399,4713414,1
59a,1,731405,4713413,19
5a,1,731194,4712363,1
60a,1,731404,4713423,19
61a,1,731399,4713419,19
62a,1,731398,4713418,19
63a,1,731398,4713417,1
64a,1,731398,4713416,1
65a,1,731397,4713416,1
66a,1,731388,4713402,1
67a,1,731389,4713403,1
68a,1,731391,4713393,1
69a,1,731376,4713394,1
6a,1,731195,4712362,1
70a,1,731370,4713399,1
71a,1,731339,4713387,1
72a,1,731327,4713378,1
73a,1,731257,4713360,1
74a,1,731048,4713350,1
75a,1,731055,4713353,1
76a,1,731067,4713358,1
77a,1,731063,4713358,1
78a,1,731063,4713357,1
79a,1,731064,4713357,1
7a,1,731195,4712361,1
80a,1,731063,4713356,1
81a,1,731062,4713357,1
82a,1,731062,4713356,1
83a,1,731057,4713353,1
84a,1,731057,4713353,1
85a,1,731057,4713354,1
86a,1,731063,4713357,1
87a,1,731067,4713356,1
88a,1,731070,4713355,1
89a,1,731068,4713346,1
8a,1,731199,4712362,1
90a,1,731022,4713226,1
91a,1,731214,4712925,19
92a,1,731229,4712930,19
93a,1,731230,4712930,19
94a,1,731230,4712930,1
95a,1,731285,4712927,1
96a,1,731282,4712934,19
97a,1,731283,4712935,19
98a,1,731283,4712935,19
99a,1,731281,4712942,1
9a,1,731204,4712362,1
006b,2,730906,4712567,1
007b,2,731006,4712593,1
008b,2,731175,4712405,1
009b,2,731177,4712394,1
010b,2,731177,4712394,1
011b,2,731177,4712394,1
012b,2,731177,4712394,1
013b,2,731177,4712394,1
014b,2,731177,4712394,19
015b,2,731177,4712394,19
016b,2,731211,4712370,1
017b,2,731214,4712370,1
018b,2,731235,4712364,1
019b,2,731235,4712364,1
020b,2,731235,4712364,1
021b,2,731235,4712364,1
022b,2,731239,4712365,19
023b,2,731241,4712365,19
024b,2,731241,4712365,19
025b,2,731242,4712365,19
026b,2,731260,4712373,19
027b,2,731260,4712374,19
028b,2,731438,4712876,1
029b,2,731480,4712948,1
030b,2,731439,4713046,1
031b,2,731440,4713046,1
032b,2,731439,4713046,1
033b,2,731471,4713071,1
034b,2,731472,4713074,1
035b,2,731472,4713074,1
036b,2,731467,4713485,1
037b,2,731412,4713434,1
038b,2,731412,4713434,1
039b,2,731380,4713404,1
040b,2,731344,4713384,1
041b,2,731344,4713384,1
042b,2,731242,4713366,19
043b,2,731053,4713375,1
044b,2,731027,4713223,1
045b,2,731216,4712918,19
046b,2,731226,4712932,19
047b,2,731225,4712934,19
048b,2,731226,4712933,1
049b,2,731226,4712934,1
050b,2,731275,4712956,1
051b,2,731277,4712957,19
052b,2,731278,4712957,19
053b,2,731278,4712957,19
054b,2,731277,4712957,1
055b,2,731277,4712957,1
056b,2,731278,4712957,1
057b,2,731278,4712957,1
058b,2,731278,4712957,19
059b,2,731283,4712955,19
060b,2,731282,4712955,19
061b,2,731284,4712955,19
062b,2,731284,4712955,1
063b,2,731365,4712972,19
064b,2,731365,4712972,1
065b,2,731367,4712972,19
066b,2,731367,4712973,19
067b,2,731368,4712973,1
068b,2,731369,4712973,19
069b,2,731368,4712973,19
070b,2,731368,4712973,19
071b,2,731368,4712973,19
072b,2,731368,4712973,19
073b,2,731368,4712973,19
074b,2,731368,4712973,19
075b,2,731368,4712973,19
076b,2,731433,4713042,1
077b,2,731434,4713043,1
078b,2,731435,4713044,1
079b,2,731435,4713044,1
080b,2,731435,4713045,1
081b,2,731435,4713045,1
082b,2,731435,4713045,1
083b,2,731435,4713045,1
084b,2,731435,4713045,1
085b,2,731435,4713045,1
086b,2,731435,4713045,1
087b,2,731435,4713045,1
088b,2,731435,4713045,1
089b,2,731435,4713045,1
090b,2,731435,4713045,1
091b,2,731435,4713045,1
092b,2,731434,4713045,1
093b,2,731435,4713045,1
094b,2,731434,4713045,1
095b,2,731434,4713045,1
096b,2,731434,4713046,1
097b,2,731434,4713046,1
098b,2,731435,4713047,1
099b,2,731436,4713047,1
100b,2,731436,4713047,1
101b,2,731436,4713047,1
102b,2,731436,4713047,1
103b,2,731436,4713047,1
104b,2,731437,4713047,1
105b,2,731437,4713047,1
106b,2,731437,4713047,1
107b,2,731437,4713048,1
108b,2,731438,4713048,1
109b,2,731437,4713048,1
110b,2,731438,4713048,1
111b,2,731437,4713047,1
112b,2,731437,4713046,1
113b,2,731438,4713047,1
114b,2,731438,4713046,1
115b,2,731438,4713047,1
116b,2,731438,4713046,1
117b,2,731439,4713047,1
118b,2,731438,4713047,1
119b,2,731439,4713048,1
120b,2,731439,4713048,1
121b,2,731439,4713048,1
122b,2,731439,4713048,1
123b,2,731439,4713048,1
124b,2,731439,4713049,1
125b,2,731439,4713048,1
126b,2,731440,4713048,1
127b,2,731441,4713047,1
128b,2,731441,4713047,1
129b,2,731441,4713047,1
130b,2,731442,4713046,1
131b,2,731442,4713047,1
132b,2,731442,4713048,1
133b,2,731443,4713048,1
134b,2,731443,4713048,1
135b,2,731445,4713048,1
136b,2,731447,4713046,1
137b,2,731447,4713046,1
138b,2,731447,4713045,1
1,3,731237,4712362,19
2,3,731237,4712362,19
3,3,731239,4712360,19
4,3,731254,4712373,19
5,3,731254,4712373,19
6,3,731441,4712873,1
7,3,731486,4712938,19
8,3,731489,4712940,1
9,3,731487,4712945,1
10,3,731454,4713041,1
11,3,731454,4713041,1
12,3,731454,4713041,1
13,3,731451,4713046,1
14,3,731453,4713054,1
15,3,731447,4713474,19
16,3,731412,4713434,1
17,3,731411,4713434,1
18,3,731408,4713425,1
19,3,731409,4713425,1
20,3,731408,4713424,1
21,3,731407,4713421,1
22,3,731407,4713421,1
23,3,731407,4713421,1
24,3,731406,4713419,1
25,3,731380,4713398,1
26,3,731380,4713398,1
27,3,731379,4713397,1
28,3,731239,4713368,1
29,3,731057,4713370,1
30,3,731058,4713365,1
31,3,731057,4713364,1
32,3,731057,4713364,1
33,3,731057,4713364,1
34,3,731058,4713364,1
35,3,731057,4713364,1
36,3,731057,4713364,1
37,3,731057,4713363,1
38,3,731059,4713362,1
39,3,731059,4713363,1
40,3,731059,4713364,1
41,3,731059,4713363,1
42,3,731059,4713363,1
43,3,731059,4713362,1
44,3,731022,4713226,1
45,3,731207,4712919,19
46,3,731272,4712960,1
47,3,731273,4712959,19
48,3,731273,4712959,1
49,3,731275,4712959,19
50,3,731274,4712959,19
51,3,731274,4712959,19
52,3,731274,4712959,19
53,3,731275,4712959,1
54,3,731275,4712959,1
55,3,731278,4712958,19
56,3,731278,4712958,19
57,3,731279,4712958,19
58,3,731279,4712958,1
59,3,731357,4712985,19
60,3,731357,4712985,19
61,3,731357,4712985,19
62,3,731357,4712985,19
63,3,731357,4712985,19
64,3,731357,4712985,19
65,3,731357,4712985,19
66,3,731388,4713013,19
67,3,731388,4713013,19
68,3,731388,4713013,1
69,3,731434,4713043,1
70,3,731434,4713043,1
71,3,731434,4713043,1
72,3,731434,4713042,1
73,3,731434,4713042,1
74,3,731434,4713042,1
75,3,731433,4713044,1
76,3,731432,4713044,1
77,3,731432,4713044,1
78,3,731432,4713044,1
79,3,731432,4713044,1
80,3,731432,4713044,1
81,3,731432,4713044,1
82,3,731432,4713045,1
83,3,731432,4713044,1
84,3,731433,4713044,1
85,3,731432,4713044,1
86,3,731432,4713044,1
87,3,731432,4713044,1
88,3,731433,4713045,1
89,3,731433,4713044,1
90,3,731433,4713045,1
91,3,731433,4713044,1
92,3,731432,4713045,1
93,3,731434,4713044,1
94,3,731434,4713044,1
95,3,731430,4713044,1
96,3,731430,4713044,1
97,3,731431,4713044,1
98,3,731431,4713045,1
99,3,731432,4713045,1
100,3,731433,4713048,1
101,3,731433,4713049,1
102,3,731432,4713048,1
103,3,731437,4713050,1
104,3,731438,4713049,1
105,3,731439,4713051,1
106,3,731437,4713049,1
107,3,731438,4713048,1
108,3,731437,4713048,1
109,3,731438,4713048,1
110,3,731438,4713048,1
111,3,731437,4713048,1
112,3,731437,4713049,1
113,3,731437,4713049,1
114,3,731437,4713049,1
115,3,731437,4713048,1
116,3,731437,4713049,1
117,3,731439,4713047,1
118,3,731437,4713048,1
119,3,731440,4713046,1
120,3,731440,4713046,1
121,3,731441,4713045,1
122,3,731443,4713043,1
123,3,731443,4713044,1
124,3,731443,4713045,1
125,3,731439,4713046,1
126,3,731440,4713047,1
127,3,731444,4713046,1
128,3,731444,4713046,1
129,3,731443,4713047,1
130,3,731445,4713048,1
141,3,731173,4712410,1
142,3,731174,4712405,1
143,3,731179,4712393,1
144,3,731179,4712393,1
145,3,731179,4712393,1
146,3,731179,4712393,1
147,3,731179,4712393,1
148,3,731179,4712392,1
149,3,731179,4712392,1
150,3,731179,4712392,19
151,3,731179,4712392,19
152,3,731178,4712390,19
153,3,731202,4712374,1
154,3,731202,4712375,1
155,3,731203,4712375,1
156,3,731209,4712376,1
157,3,731210,4712375,1
158,3,731212,4712376,1
159,3,731212,4712377,1
160,3,731213,4712372,19
161,3,731213,4712372,19
162,3,731213,4712372,19
163,3,731214,4712374,1
164,3,731214,4712373,1
165,3,731215,4712374,1
166,3,731238,4712361,1
167,3,731238,4712361,1
168,3,731238,4712361,1
169,3,731239,4712361,1
170,3,731240,4712361,19
