"CommunityType (Habitat)","Site (Sample)","Code (Species)","AntGenus","AntSpecies"
"Cultural Grassland","Allens Pond","lasneo","Lasius","neoniger"
"Cultural Grassland","Allens Pond","lasneo","Lasius","neoniger"
"Cultural Grassland","Allens Pond","lasneo","Lasius","neoniger"
"Cultural Grassland","Allens Pond","lasneo","Lasius","neoniger"
"Cultural Grassland","Allens Pond","lasneo","Lasius","neoniger"
"Cultural Grassland","Allens Pond","lasneo","Lasius","neoniger"
"Cultural Grassland","Allens Pond","lasneo","Lasius","neoniger"
"Cultural Grassland","Allens Pond","lasneo","Lasius","neoniger"
"Cultural Grassland","Allens Pond","tapses","Tapinoma","sessile"
"Cultural Grassland","Allens Pond","lasneo","Lasius","neoniger"
"Cultural Grassland","Boston Nature Center","myrrub","Myrmica","rubra"
"Cultural Grassland","Boston Nature Center","tapses","Tapinoma","sessile"
"Cultural Grassland","Boston Nature Center","myrpun","Myrmica","punctiventris"
"Cultural Grassland","Boston Nature Center","tapses","Tapinoma","sessile"
"Cultural Grassland","Boston Nature Center","myrdet","Myrmica","detritinodis"
"Cultural Grassland","Boston Nature Center","myrrub","Myrmica","rubra"
"Cultural Grassland","Boston Nature Center","myrrub","Myrmica","rubra"
"Cultural Grassland","Boston Nature Center","tapses","Tapinoma","sessile"
"Cultural Grassland","Boston Nature Center","tapses","Tapinoma","sessile"
"Cultural Grassland","Boston Nature Center","myrdet","Myrmica","detritinodis"
"Cultural Grassland","Boston Nature Center","myrrub","Myrmica","rubra"
"Cultural Grassland","Brooks Woodland","myrdet","Myrmica","detritinodis"
"Cultural Grassland","Brooks Woodland","myrpun","Myrmica","punctiventris"
"Cultural Grassland","Brooks Woodland","lasneo","Lasius","neoniger"
"Cultural Grassland","Brooks Woodland","aphrud","Aphaenogaster ","rudis"
"Cultural Grassland","Brooks Woodland","lasneo","Lasius","neoniger"
"Cultural Grassland","Brooks Woodland","lasneo","Lasius","neoniger"
"Cultural Grassland","Brooks Woodland","forneo1","Formica ","neogagates"
"Cultural Grassland","Brooks Woodland","tapses","Tapinoma","sessile"
"Cultural Grassland","Brooks Woodland","tapses","Tapinoma","sessile"
"Cultural Grassland","Brooks Woodland","myrpun","Myrmica","punctiventris"
"Cultural Grassland","Brooks Woodland","lasneo","Lasius","neoniger"
"Cultural Grassland","Brooks Woodland","lasfla","Lasius","flavus"
"Cultural Grassland","Daniel Webster","stebre","Stenamma","brevicorne"
"Cultural Grassland","Daniel Webster","stebre","Stenamma","brevicorne"
"Cultural Grassland","Daniel Webster","lasneo","Lasius","neoniger"
"Cultural Grassland","Daniel Webster","stebre","Stenamma","brevicorne"
"Cultural Grassland","Daniel Webster","myrrub","Myrmica","rubra"
"Cultural Grassland","Daniel Webster","myrrub","Myrmica","rubra"
"Cultural Grassland","Daniel Webster","myrrub","Myrmica","rubra"
"Cultural Grassland","Daniel Webster","myrrub","Myrmica","rubra"
"Cultural Grassland","Daniel Webster","preimp","Prenolepis","imparis"
"Cultural Grassland","Daniel Webster","myrrub","Myrmica","rubra"
"Cultural Grassland","Daniel Webster","myrrub","Myrmica","rubra"
"Cultural Grassland","Daniel Webster","preimp","Prenolepis","imparis"
"Cultural Grassland","Daniel Webster","myrrub","Myrmica","rubra"
"Cultural Grassland","Daniel Webster","myrrub","Myrmica","rubra"
"Cultural Grassland","Daniel Webster","preimp","Prenolepis","imparis"
"Cultural Grassland","Daniel Webster","preimp","Prenolepis","imparis"
"Cultural Grassland","Daniel Webster","stebre","Stenamma","brevicorne"
"Cultural Grassland","Daniel Webster","stebre","Stenamma","brevicorne"
"Cultural Grassland","Daniel Webster","stebre","Stenamma","brevicorne"
"Cultural Grassland","Daniel Webster","stebre","Stenamma","brevicorne"
"Cultural Grassland","Doyle Center","tetcae","Tetramorium","caespitum"
"Cultural Grassland","Doyle Center","tetcae","Tetramorium","caespitum"
"Cultural Grassland","Doyle Center","tetcae","Tetramorium","caespitum"
"Cultural Grassland","Doyle Center","tetcae","Tetramorium","caespitum"
"Cultural Grassland","Doyle Center","preimp","Prenolepis","imparis"
"Cultural Grassland","Doyle Center","myrdet","Myrmica","detritinodis"
"Cultural Grassland","Doyle Center","lasfla","Lasius","flavus"
"Cultural Grassland","Doyle Center","lasneo","Lasius","neoniger"
"Cultural Grassland","Doyle Center","lasneo","Lasius","neoniger"
"Cultural Grassland","Doyle Center","lasneo","Lasius","neoniger"
"Cultural Grassland","Doyle Center","forneo2","Formica ","neorufibarbis"
"Cultural Grassland","Doyle Center","aphrud","Aphaenogaster ","rudis"
"Cultural Grassland","Drumlin Farm","forneo1","Formica ","neogagates"
"Cultural Grassland","Drumlin Farm","forneo1","Formica ","neogagates"
"Cultural Grassland","Drumlin Farm","forsub3","Formica ","subsericea"
"Cultural Grassland","Drumlin Farm","preimp","Prenolepis","imparis"
"Cultural Grassland","Drumlin Farm","forneo1","Formica ","neogagates"
"Cultural Grassland","Drumlin Farm","aphrud","Aphaenogaster ","rudis"
"Cultural Grassland","Drumlin Farm","stebre","Stenamma","brevicorne"
"Cultural Grassland","Drumlin Farm","myrdet","Myrmica","detritinodis"
"Cultural Grassland","Drumlin Farm","myrdet","Myrmica","detritinodis"
"Cultural Grassland","Drumlin Farm","aphrud","Aphaenogaster ","rudis"
"Cultural Grassland","Drumlin Farm","temamb","Temnothorax","ambiguus"
"Cultural Grassland","Drumlin Farm","lasumb","Lasius","umbratus"
"Cultural Grassland","Drumlin Farm","lasumb","Lasius","umbratus"
"Cultural Grassland","Drumlin Farm","bradep","Brachymyrmex","depilis"
"Cultural Grassland","Drumlin Farm","solmol","Solenopsis","molesta"
"Cultural Grassland","Drumlin Farm","steimp","Stenamma","impar"
"Cultural Grassland","Drumlin Farm","aphrud","Aphaenogaster ","rudis"
"Cultural Grassland","Drumlin Farm","forsub3","Formica ","subsericea"
"Cultural Grassland","Drumlin Farm","forneo1","Formica ","neogagates"
"Cultural Grassland","Drumlin Farm","temamb","Temnothorax","ambiguus"
"Cultural Grassland","Elm Hill","lasneo","Lasius","neoniger"
"Cultural Grassland","Elm Hill","myrdet","Myrmica","detritinodis"
"Cultural Grassland","Elm Hill","forinc","Formica ","incerta"
"Cultural Grassland","Elm Hill","lasneo","Lasius","neoniger"
"Cultural Grassland","Elm Hill","myrdet","Myrmica","detritinodis"
"Cultural Grassland","Elm Hill","myrdet","Myrmica","detritinodis"
"Cultural Grassland","Elm Hill","lasneo","Lasius","neoniger"
"Cultural Grassland","Elm Hill","myrnea","Myrmica","nearctica"
"Cultural Grassland","Elm Hill","myrnea","Myrmica","nearctica"
"Cultural Grassland","Elm Hill","myrdet","Myrmica","detritinodis"
"Cultural Grassland","Graves Farm","temamb","Temnothorax","ambiguus"
"Cultural Grassland","Graves Farm","myrnea","Myrmica","nearctica"
"Cultural Grassland","Graves Farm","tapses","Tapinoma","sessile"
"Cultural Grassland","Graves Farm","myrnea","Myrmica","nearctica"
"Cultural Grassland","Graves Farm","myrnea","Myrmica","nearctica"
"Cultural Grassland","Graves Farm","tapses","Tapinoma","sessile"
"Cultural Grassland","Graves Farm","myrnea","Myrmica","nearctica"
"Cultural Grassland","Graves Farm","lasneo","Lasius","neoniger"
"Cultural Grassland","Graves Farm","tapses","Tapinoma","sessile"
"Cultural Grassland","Graves Farm","myrnea","Myrmica","nearctica"
"Cultural Grassland","Moose Hill","myrdet","Myrmica","detritinodis"
"Cultural Grassland","Moose Hill","myrdet","Myrmica","detritinodis"
"Cultural Grassland","Moose Hill","myrnea","Myrmica","nearctica"
"Cultural Grassland","Moose Hill","myrame2","Myrmica","americana"
"Cultural Grassland","Moose Hill","myrame2","Myrmica","americana"
"Cultural Grassland","Moose Hill","lasneo","Lasius","neoniger"
"Cultural Grassland","Moose Hill","lasumb","Lasius","umbratus"
"Cultural Grassland","Moose Hill","lasneo","Lasius","neoniger"
"Cultural Grassland","Moose Hill","lasneo","Lasius","neoniger"
"Cultural Grassland","Moose Hill","lasneo","Lasius","neoniger"
"Cultural Grassland","Moose Hill","myrdet","Myrmica","detritinodis"
"Cultural Grassland","Moose Hill","forinc","Formica ","incerta"
"Cultural Grassland","Moose Hill","myrdet","Myrmica","detritinodis"
"Cultural Grassland","Moose Hill","myrdet","Myrmica","detritinodis"
"Cultural Grassland","Moose Hill","myrdet","Myrmica","detritinodis"
"Cultural Grassland","Moose Hill","lasneo","Lasius","neoniger"
"Cultural Grassland","Moose Hill","myrdet","Myrmica","detritinodis"
"Cultural Grassland","Moose Hill","lasneo","Lasius","neoniger"
"Cultural Grassland","Moose Hill","stebre","Stenamma","brevicorne"
"Cultural Grassland","Moose Hill","myrdet","Myrmica","detritinodis"
"Cultural Grassland","Moose Hill","lasneo","Lasius","neoniger"
"Cultural Grassland","Moose Hill","lasneo","Lasius","neoniger"
"Cultural Grassland","Moose Hill","myrame2","Myrmica","americana"
"Cultural Grassland","Moose Hill","myrdet","Myrmica","detritinodis"
"Cultural Grassland","Moose Hill","stebre","Stenamma","brevicorne"
"Cultural Grassland","Moose Hill","lasneo","Lasius","neoniger"
"Cultural Grassland","Moose Hill","lasneo","Lasius","neoniger"
"Cultural Grassland","Moose Hill","stebre","Stenamma","brevicorne"
"Cultural Grassland","Moose Hill","myrdet","Myrmica","detritinodis"
"Cultural Grassland","Moose Hill","myrdet","Myrmica","detritinodis"
"Cultural Grassland","Moose Hill","lasneo","Lasius","neoniger"
"Cultural Grassland","Moose Hill","myrdet","Myrmica","detritinodis"
"Cultural Grassland","Moose Hill","myrame2","Myrmica","americana"
"Cultural Grassland","Moose Hill","lasneo","Lasius","neoniger"
"Cultural Grassland","Moose Hill","myrame2","Myrmica","americana"
"Cultural Grassland","Nashoba Brook","tapses","Tapinoma","sessile"
"Cultural Grassland","Nashoba Brook","forneo1","Formica ","neogagates"
"Cultural Grassland","Nashoba Brook","tapses","Tapinoma","sessile"
"Cultural Grassland","Nashoba Brook","tetcae","Tetramorium","caespitum"
"Cultural Grassland","Nashoba Brook","tetcae","Tetramorium","caespitum"
"Cultural Grassland","Nashoba Brook","temamb","Temnothorax","ambiguus"
"Cultural Grassland","Nashoba Brook","tetcae","Tetramorium","caespitum"
"Cultural Grassland","Nashoba Brook","tetcae","Tetramorium","caespitum"
"Cultural Grassland","Nashoba Brook","tetcae","Tetramorium","caespitum"
"Cultural Grassland","Nashoba Brook","temamb","Temnothorax","ambiguus"
"Cultural Grassland","Nashoba Brook","tetcae","Tetramorium","caespitum"
"Cultural Grassland","Nashoba Brook","forneo1","Formica ","neogagates"
"Cultural Grassland","Nashoba Brook","tetcae","Tetramorium","caespitum"
"Cultural Grassland","Nashoba Brook","tetcae","Tetramorium","caespitum"
"Cultural Grassland","Nashoba Brook","tetcae","Tetramorium","caespitum"
"Cultural Grassland","Nashoba Brook","tetcae","Tetramorium","caespitum"
"Cultural Grassland","Nashoba Brook","solmol","Solenopsis","molesta"
"Cultural Grassland","Nashoba Brook","tetcae","Tetramorium","caespitum"
"Cultural Grassland","Nashoba Brook","tetcae","Tetramorium","caespitum"
"Cultural Grassland","Nashoba Brook","tetcae","Tetramorium","caespitum"
"Cultural Grassland","Nashoba Brook","aphrud","Aphaenogaster ","rudis"
"Cultural Grassland","Nashoba Brook","aphrud","Aphaenogaster ","rudis"
"Cultural Grassland","Old Town Hill","forinc","Formica ","incerta"
"Cultural Grassland","Old Town Hill","ponpen","Ponera","pennsylvanica"
"Cultural Grassland","Old Town Hill","lasneo","Lasius","neoniger"
"Cultural Grassland","Old Town Hill","lasali","Lasius","alienus"
"Cultural Grassland","Old Town Hill","tapses","Tapinoma","sessile"
"Cultural Grassland","Old Town Hill","tetcae","Tetramorium","caespitum"
"Cultural Grassland","Old Town Hill","myrame2","Myrmica","americana"
"Cultural Grassland","Old Town Hill","aphrud","Aphaenogaster ","rudis"
"Cultural Grassland","Old Town Hill","bradep","Brachymyrmex","depilis"
"Cultural Grassland","Old Town Hill","forlas","Formica ","lasiodes"
"Cultural Grassland","Old Town Hill","forinc","Formica ","incerta"
"Cultural Grassland","Old Town Hill","lasali","Lasius","alienus"
"Cultural Grassland","Old Town Hill","myrame2","Myrmica","americana"
"Cultural Grassland","Old Town Hill","lasali","Lasius","alienus"
"Cultural Grassland","Old Town Hill","lasneo","Lasius","neoniger"
"Cultural Grassland","Old Town Hill","forinc","Formica ","incerta"
"Cultural Grassland","Old Town Hill","lasneo","Lasius","neoniger"
"Cultural Grassland","Old Town Hill","myrdet","Myrmica","detritinodis"
"Cultural Grassland","Old Town Hill","forlas","Formica ","lasiodes"
"Cultural Grassland","Peaked Mountain","tapses","Tapinoma","sessile"
"Cultural Grassland","Peaked Mountain","lasneo","Lasius","neoniger"
"Cultural Grassland","Peaked Mountain","lasneo","Lasius","neoniger"
"Cultural Grassland","Peaked Mountain","ponpen","Ponera","pennsylvanica"
"Cultural Grassland","Peaked Mountain","lasumb","Lasius","umbratus"
"Cultural Grassland","Peaked Mountain","tapses","Tapinoma","sessile"
"Cultural Grassland","Peaked Mountain","forsub3","Formica ","subsericea"
"Cultural Grassland","Peaked Mountain","forper","Formica ","pergandei"
"Cultural Grassland","Peaked Mountain","forper","Formica ","pergandei"
"Cultural Grassland","Peaked Mountain","forinc","Formica ","incerta"
"Cultural Grassland","Peaked Mountain","lasneo","Lasius","neoniger"
"Cultural Grassland","Peaked Mountain","lasneo","Lasius","neoniger"
"Cultural Grassland","Peaked Mountain","lasneo","Lasius","neoniger"
"Cultural Grassland","Peaked Mountain","lasneo","Lasius","neoniger"
"Cultural Grassland","Peaked Mountain","aphrud","Aphaenogaster ","rudis"
"Cultural Grassland","Peaked Mountain","lasneo","Lasius","neoniger"
"Cultural Grassland","Peaked Mountain","lasneo","Lasius","neoniger"
"Cultural Grassland","Peaked Mountain","temcur","Temnothorax","curvispinosis"
"Cultural Grassland","Peaked Mountain","aphrud","Aphaenogaster ","rudis"
"Cultural Grassland","Peaked Mountain","aphrud","Aphaenogaster ","rudis"
"Cultural Grassland","Peaked Mountain","tapses","Tapinoma","sessile"
"Cultural Grassland","Peaked Mountain","lasneo","Lasius","neoniger"
"Cultural Grassland","Peaked Mountain","tapses","Tapinoma","sessile"
"Cultural Grassland","Peaked Mountain","aphrud","Aphaenogaster ","rudis"
"Cultural Grassland","Peaked Mountain","forinc","Formica ","incerta"
"Cultural Grassland","Peaked Mountain","lasneo","Lasius","neoniger"
"Cultural Grassland","Peaked Mountain","temamb","Temnothorax","ambiguus"
"Cultural Grassland","Peaked Mountain","lasneo","Lasius","neoniger"
"Cultural Grassland","Elm Hill","lasneo","Lasius","neoniger"
"Cultural Grassland","Elm Hill","lasneo","Lasius","neoniger"
"Cultural Grassland","Elm Hill","lasneo","Lasius","neoniger"
"Cultural Grassland","Elm Hill","lasneo","Lasius","neoniger"
"Cultural Grassland","Elm Hill","lasneo","Lasius","neoniger"
"Cultural Grassland","Elm Hill","lasneo","Lasius","neoniger"
"Cultural Grassland","Elm Hill","lasneo","Lasius","neoniger"
"Cultural Grassland","Elm Hill","lasneo","Lasius","neoniger"
"Cultural Grassland","Elm Hill","tetcae","Tetramorium","caespitum"
"Cultural Grassland","Elm Hill","lasneo","Lasius","neoniger"
"Cultural Grassland","Elm Hill","lasneo","Lasius","neoniger"
"Cultural Grassland","Elm Hill","lasneo","Lasius","neoniger"
"Cultural Grassland","Elm Hill","lasneo","Lasius","neoniger"
"Successional Shrubland","Daniel Webster","tapses","Tapinoma","sessile"
"Successional Shrubland","Daniel Webster","lasali","Lasius","alienus"
"Successional Shrubland","Daniel Webster","tapses","Tapinoma","sessile"
"Successional Shrubland","Daniel Webster","tapses","Tapinoma","sessile"
"Successional Shrubland","Daniel Webster","aphrud","Aphaenogaster ","rudis"
"Successional Shrubland","Daniel Webster","myrdet","Myrmica","detritinodis"
"Successional Shrubland","Daniel Webster","myrrub","Myrmica","rubra"
"Successional Shrubland","Daniel Webster","tapses","Tapinoma","sessile"
"Successional Shrubland","Daniel Webster","lasneo","Lasius","neoniger"
"Successional Shrubland","Daniel Webster","lasali","Lasius","alienus"
"Successional Shrubland","Daniel Webster","myrdet","Myrmica","detritinodis"
"Successional Shrubland","Daniel Webster","stebre","Stenamma","brevicorne"
"Successional Shrubland","Daniel Webster","tapses","Tapinoma","sessile"
"Successional Shrubland","Daniel Webster","lasali","Lasius","alienus"
"Successional Shrubland","Lyman Reservation","lasali","Lasius","alienus"
"Successional Shrubland","Lyman Reservation","lasali","Lasius","alienus"
"Successional Shrubland","Lyman Reservation","forsub3","Formica ","subsericea"
"Successional Shrubland","Lyman Reservation","camnov","Camponotus ","novaeboracensis"
"Successional Shrubland","Lyman Reservation","camnov","Camponotus ","novaeboracensis"
"Successional Shrubland","Lyman Reservation","lascla","Acanthomyops","claviger"
"Successional Shrubland","Lyman Reservation","tapses","Tapinoma","sessile"
"Successional Shrubland","Lyman Reservation","camnov","Camponotus ","novaeboracensis"
"Successional Shrubland","Lyman Reservation","lasali","Lasius","alienus"
"Successional Shrubland","Lyman Reservation","lasali","Lasius","alienus"
"Successional Shrubland","Lyman Reservation","tapses","Tapinoma","sessile"
"Successional Shrubland","Lyman Reservation","tapses","Tapinoma","sessile"
"Successional Shrubland","Lyman Reservation","tapses","Tapinoma","sessile"
"Successional Shrubland","Lyman Reservation","lasali","Lasius","alienus"
"Successional Shrubland","Lyman Reservation","campen","Camponotus ","pennsylvanicus"
"Successional Shrubland","Lyman Reservation","tapses","Tapinoma","sessile"
"Successional Shrubland","Lyman Reservation","tapses","Tapinoma","sessile"
"Successional Shrubland","Jacob's Hill","tapses","Tapinoma","sessile"
"Successional Shrubland","Jacob's Hill","myrdet","Myrmica","detritinodis"
"Successional Shrubland","Jacob's Hill","myrpun","Myrmica","punctiventris"
"Successional Shrubland","Jacob's Hill","lasali","Lasius","alienus"
"Successional Shrubland","Jacob's Hill","forinc","Formica ","incerta"
"Successional Shrubland","Jacob's Hill","forinc","Formica ","incerta"
"Successional Shrubland","Jacob's Hill","crelin","Crematogaster","lineolata"
"Successional Shrubland","Jacob's Hill","crelin","Crematogaster","lineolata"
"Successional Shrubland","Jacob's Hill","crelin","Crematogaster","lineolata"
"Successional Shrubland","Jacob's Hill","crelin","Crematogaster","lineolata"
"Successional Shrubland","Jacob's Hill","crelin","Crematogaster","lineolata"
"Successional Shrubland","Jacob's Hill","crelin","Crematogaster","lineolata"
"Successional Shrubland","Jacob's Hill","crelin","Crematogaster","lineolata"
"Successional Shrubland","Jacob's Hill","crelin","Crematogaster","lineolata"
"Successional Shrubland","Jacob's Hill","crelin","Crematogaster","lineolata"
"Successional Shrubland","Jacob's Hill","crelin","Crematogaster","lineolata"
"Successional Shrubland","Jacob's Hill","crelin","Crematogaster","lineolata"
"Successional Shrubland","Jacob's Hill","crelin","Crematogaster","lineolata"
"Successional Shrubland","Jacob's Hill","crelin","Crematogaster","lineolata"
"Successional Shrubland","Jacob's Hill","crelin","Crematogaster","lineolata"
"Successional Shrubland","Jacob's Hill","crelin","Crematogaster","lineolata"
"Successional Shrubland","Jacob's Hill","crelin","Crematogaster","lineolata"
"Successional Shrubland","Jacob's Hill","crelin","Crematogaster","lineolata"
"Successional Shrubland","Jacob's Hill","crelin","Crematogaster","lineolata"
"Successional Shrubland","Jacob's Hill","crelin","Crematogaster","lineolata"
"Successional Shrubland","Jacob's Hill","crelin","Crematogaster","lineolata"
"Successional Shrubland","Jacob's Hill","crelin","Crematogaster","lineolata"
"Successional Shrubland","Jacob's Hill","crelin","Crematogaster","lineolata"
"Successional Shrubland","Jacob's Hill","crelin","Crematogaster","lineolata"
"Successional Shrubland","Jacob's Hill","campen","Camponotus ","pennsylvanicus"
"Successional Shrubland","Jacob's Hill","campen","Camponotus ","pennsylvanicus"
"Successional Shrubland","Jacob's Hill","aphrud","Aphaenogaster ","rudis"
"Successional Shrubland","Jacob's Hill","aphrud","Aphaenogaster ","rudis"
"Successional Shrubland","Sesachacha","lasali","Lasius","alienus"
"Successional Shrubland","Sesachacha","crelin","Crematogaster","lineolata"
"Successional Shrubland","Sesachacha","lasali","Lasius","alienus"
"Successional Shrubland","Sesachacha","dolpla","Dolichoderus","plagiatus"
"Successional Shrubland","Sesachacha","aphrud","Aphaenogaster ","rudis"
"Successional Shrubland","Sesachacha","lasali","Lasius","alienus"
"Successional Shrubland","Sesachacha","lasali","Lasius","alienus"
"Successional Shrubland","Sesachacha","lasali","Lasius","alienus"
"Successional Shrubland","Sesachacha","lasali","Lasius","alienus"
"Successional Shrubland","Sesachacha","lasali","Lasius","alienus"
"Successional Shrubland","Weir Hill","crelin","Crematogaster","lineolata"
"Successional Shrubland","Weir Hill","forinc","Formica ","incerta"
"Successional Shrubland","Weir Hill","forsub3","Formica ","subsericea"
"Successional Shrubland","Weir Hill","tapses","Tapinoma","sessile"
"Successional Shrubland","Weir Hill","forinc","Formica ","incerta"
"Successional Shrubland","Weir Hill","lasali","Lasius","alienus"
"Successional Shrubland","Weir Hill","lasneo","Lasius","neoniger"
"Successional Shrubland","Weir Hill","crelin","Crematogaster","lineolata"
"Successional Shrubland","Weir Hill","lasneo","Lasius","neoniger"
"Successional Shrubland","Weir Hill","forinc","Formica ","incerta"
"Successional Shrubland","Weir Hill","crelin","Crematogaster","lineolata"
"Successional Shrubland","Weir Hill","crelin","Crematogaster","lineolata"
"Successional Shrubland","Weir Hill","crelin","Crematogaster","lineolata"
"Successional Shrubland","Weir Hill","crelin","Crematogaster","lineolata"
"Successional Shrubland","Weir Hill","solmol","Solenopsis","molesta"
"Successional Shrubland","Weir Hill","aphrud","Aphaenogaster ","rudis"
"Successional Shrubland","Weir Hill","preimp","Prenolepis","imparis"
"Successional Shrubland","Weir Hill","forinc","Formica ","incerta"
"Successional Shrubland","Weir Hill","solmol","Solenopsis","molesta"
"Successional Shrubland","Weir Hill","campen","Camponotus ","pennsylvanicus"
"Successional Shrubland","Weir Hill","fornep","Formica ","nepticula"
"Successional Shrubland","Weir Hill","solmol","Solenopsis","molesta"
"Oak-Hickory-WhitePine Forest","Laughing Brook","campen","Camponotus ","pennsylvanicus"
"Oak-Hickory-WhitePine Forest","Laughing Brook","aphrud","Aphaenogaster ","rudis"
"Oak-Hickory-WhitePine Forest","Laughing Brook","aphrud","Aphaenogaster ","rudis"
"Oak-Hickory-WhitePine Forest","Laughing Brook","camchr","Camponotus ","chromaiodes"
"Oak-Hickory-WhitePine Forest","Laughing Brook","laslat","Acanthomyops","latipes"
"Oak-Hickory-WhitePine Forest","Laughing Brook","laslat","Acanthomyops","latipes"
"Oak-Hickory-WhitePine Forest","Laughing Brook","steimp","Stenamma","impar"
"Oak-Hickory-WhitePine Forest","Laughing Brook","lasali","Lasius","alienus"
"Oak-Hickory-WhitePine Forest","Laughing Brook","myrpun","Myrmica","punctiventris"
"Oak-Hickory-WhitePine Forest","Laughing Brook","temlon","Temnothorax","longispinosis"
"Oak-Hickory-WhitePine Forest","Laughing Brook","aphrud","Aphaenogaster ","rudis"
"Oak-Hickory-WhitePine Forest","Laughing Brook","lasali","Lasius","alienus"
"Oak-Hickory-WhitePine Forest","Laughing Brook","forsub3","Formica ","subsericea"
"Oak-Hickory-WhitePine Forest","Laughing Brook","aphrud","Aphaenogaster ","rudis"
"Oak-Hickory-WhitePine Forest","Laughing Brook","lasumb","Lasius","umbratus"
"Oak-Hickory-WhitePine Forest","Laughing Brook","campen","Camponotus ","pennsylvanicus"
"Oak-Hickory-WhitePine Forest","Laughing Brook","myrame1","Myrmecina","americana"
"Oak-Hickory-WhitePine Forest","Laughing Brook","camchr","Camponotus ","chromaiodes"
"Oak-Hickory-WhitePine Forest","Laughing Brook","myrpun","Myrmica","punctiventris"
"Oak-Hickory-WhitePine Forest","Laughing Brook","lasumb","Lasius","umbratus"
"Oak-Hickory-WhitePine Forest","Laughing Brook","aphrud","Aphaenogaster ","rudis"
"Oak-Hickory-WhitePine Forest","Laughing Brook","lasumb","Lasius","umbratus"
"Oak-Hickory-WhitePine Forest","Laughing Brook","aphrud","Aphaenogaster ","rudis"
"Oak-Hickory-WhitePine Forest","Laughing Brook","myrpun","Myrmica","punctiventris"
"Oak-Hickory-WhitePine Forest","Laughing Brook","lasali","Lasius","alienus"
"Oak-Hickory-WhitePine Forest","Laughing Brook","tapses","Tapinoma","sessile"
"Oak-Hickory-WhitePine Forest","Laughing Brook","camchr","Camponotus ","chromaiodes"
"Oak-Hickory-WhitePine Forest","Laughing Brook","campen","Camponotus ","pennsylvanicus"
"Oak-Hickory-WhitePine Forest","Laughing Brook","aphrud","Aphaenogaster ","rudis"
"Oak-Hickory-WhitePine Forest","Laughing Brook","myrpun","Myrmica","punctiventris"
"Oak-Hickory-WhitePine Forest","Laughing Brook","campen","Camponotus ","pennsylvanicus"
"Oak-Hickory-WhitePine Forest","Laughing Brook","campen","Camponotus ","pennsylvanicus"
"Oak-Hickory-WhitePine Forest","Laughing Brook","camchr","Camponotus ","chromaiodes"
"Oak-Hickory-WhitePine Forest","Laughing Brook","campen","Camponotus ","pennsylvanicus"
"Oak-Hickory-WhitePine Forest","Laughing Brook","aphrud","Aphaenogaster ","rudis"
"Oak-Hickory-WhitePine Forest","Laughing Brook","myrpun","Myrmica","punctiventris"
"Oak-Hickory-WhitePine Forest","Laughing Brook","tapses","Tapinoma","sessile"
"Oak-Hickory-WhitePine Forest","Laughing Brook","lasali","Lasius","alienus"
"Oak-Hickory-WhitePine Forest","Laughing Brook","aphrud","Aphaenogaster ","rudis"
"Oak-Hickory-WhitePine Forest","Laughing Brook","myrame1","Myrmecina","americana"
"Oak-Hickory-WhitePine Forest","Laughing Brook","myrinc","Myrmica","incompleta"
"Oak-Hickory-WhitePine Forest","Laughing Brook","aphrud","Aphaenogaster ","rudis"
"Oak-Hickory-WhitePine Forest","Cold Brook","camher","Camponotus ","herculeanus"
"Oak-Hickory-WhitePine Forest","Cold Brook","lasali","Lasius","alienus"
"Oak-Hickory-WhitePine Forest","Cold Brook","lasali","Lasius","alienus"
"Oak-Hickory-WhitePine Forest","Cold Brook","lasali","Lasius","alienus"
"Oak-Hickory-WhitePine Forest","Cold Brook","lasali","Lasius","alienus"
"Oak-Hickory-WhitePine Forest","Cold Brook","campen","Camponotus ","pennsylvanicus"
"Oak-Hickory-WhitePine Forest","Cold Brook","lasali","Lasius","alienus"
"Oak-Hickory-WhitePine Forest","Cold Brook","temlon","Temnothorax","longispinosis"
"Oak-Hickory-WhitePine Forest","Cold Brook","camnea","Camponotus ","nearcticus"
"Oak-Hickory-WhitePine Forest","Cold Brook","aphrud","Aphaenogaster ","rudis"
"Oak-Hickory-WhitePine Forest","Cold Brook","lasali","Lasius","alienus"
"Oak-Hickory-WhitePine Forest","Cold Brook","lasali","Lasius","alienus"
"Oak-Hickory-WhitePine Forest","Cold Brook","lasali","Lasius","alienus"
"Oak-Hickory-WhitePine Forest","Cold Brook","aphrud","Aphaenogaster ","rudis"
"Oak-Hickory-WhitePine Forest","Cold Brook","aphrud","Aphaenogaster ","rudis"
"Oak-Hickory-WhitePine Forest","Cold Brook","aphrud","Aphaenogaster ","rudis"
"Oak-Hickory-WhitePine Forest","Cold Brook","aphrud","Aphaenogaster ","rudis"
"Oak-Hickory-WhitePine Forest","Cold Brook","lasali","Lasius","alienus"
"Oak-Hickory-WhitePine Forest","Cold Brook","campen","Camponotus ","pennsylvanicus"
"Oak-Hickory-WhitePine Forest","Cold Brook","aphrud","Aphaenogaster ","rudis"
"Oak-Hickory-WhitePine Forest","Cold Brook","aphrud","Aphaenogaster ","rudis"
"Oak-Hickory-WhitePine Forest","Cold Brook","aphrud","Aphaenogaster ","rudis"
"Oak-Hickory-WhitePine Forest","Cold Brook","aphrud","Aphaenogaster ","rudis"
"Oak-Hickory-WhitePine Forest","Cold Brook","aphrud","Aphaenogaster ","rudis"
"Oak-Hickory-WhitePine Forest","Cold Brook","aphrud","Aphaenogaster ","rudis"
"Oak-Hickory-WhitePine Forest","Cold Brook","aphrud","Aphaenogaster ","rudis"
"Oak-Hickory-WhitePine Forest","Cold Brook","lasali","Lasius","alienus"
"Oak-Hickory-WhitePine Forest","Cold Brook","aphrud","Aphaenogaster ","rudis"
"Oak-Hickory-WhitePine Forest","Lowell Holly","aphrud","Aphaenogaster ","rudis"
"Oak-Hickory-WhitePine Forest","Lowell Holly","aphful","Aphaenogaster ","fulva"
"Oak-Hickory-WhitePine Forest","Lowell Holly","proame","Protomognathus","americanus"
"Oak-Hickory-WhitePine Forest","Lowell Holly","aphrud","Aphaenogaster ","rudis"
"Oak-Hickory-WhitePine Forest","Lowell Holly","campen","Camponotus ","pennsylvanicus"
"Oak-Hickory-WhitePine Forest","Lowell Holly","aphrud","Aphaenogaster ","rudis"
"Oak-Hickory-WhitePine Forest","Lowell Holly","campen","Camponotus ","pennsylvanicus"
"Oak-Hickory-WhitePine Forest","Lowell Holly","temlon","Temnothorax","longispinosis"
"Oak-Hickory-WhitePine Forest","Lowell Holly","campen","Camponotus ","pennsylvanicus"
"Oak-Hickory-WhitePine Forest","Lowell Holly","aphrud","Aphaenogaster ","rudis"
"Oak-Hickory-WhitePine Forest","Lowell Holly","aphrud","Aphaenogaster ","rudis"
"Oak-Hickory-WhitePine Forest","Lowell Holly","aphrud","Aphaenogaster ","rudis"
"Oak-Hickory-WhitePine Forest","Lowell Holly","temlon","Temnothorax","longispinosis"
"Oak-Hickory-WhitePine Forest","Lowell Holly","aphrud","Aphaenogaster ","rudis"
"Oak-Hickory-WhitePine Forest","Lowell Holly","camnea","Camponotus ","nearcticus"
"Oak-Hickory-WhitePine Forest","Lowell Holly","aphrud","Aphaenogaster ","rudis"
"Oak-Hickory-WhitePine Forest","Lowell Holly","campen","Camponotus ","pennsylvanicus"
"Oak-Hickory-WhitePine Forest","Lowell Holly","forsub3","Formica ","subsericea"
"Oak-Hickory-WhitePine Forest","Lowell Holly","aphrud","Aphaenogaster ","rudis"
"Oak-Hickory-WhitePine Forest","Lowell Holly","aphrud","Aphaenogaster ","rudis"
"Oak-Hickory-WhitePine Forest","Lowell Holly","aphrud","Aphaenogaster ","rudis"
"Oak-Hickory-WhitePine Forest","Lowell Holly","aphrud","Aphaenogaster ","rudis"
"Oak-Hickory-WhitePine Forest","Lowell Holly","aphrud","Aphaenogaster ","rudis"
"Oak-Hickory-WhitePine Forest","Lowell Holly","forsub3","Formica ","subsericea"
"Oak-Hickory-WhitePine Forest","Lowell Holly","aphrud","Aphaenogaster ","rudis"
"Oak-Hickory-WhitePine Forest","Lowell Holly","aphrud","Aphaenogaster ","rudis"
"Oak-Hickory-WhitePine Forest","Lowell Holly","temlon","Temnothorax","longispinosis"
"Oak-Hickory-WhitePine Forest","Lowell Holly","campen","Camponotus ","pennsylvanicus"
"Oak-Hickory-WhitePine Forest","Lowell Holly","steimp","Stenamma","impar"
"Oak-Hickory-WhitePine Forest","Lowell Holly","temlon","Temnothorax","longispinosis"
"Oak-Hickory-WhitePine Forest","Lowell Holly","aphrud","Aphaenogaster ","rudis"
"Oak-Hickory-WhitePine Forest","Broad Meadow Brook","aphrud","Aphaenogaster ","rudis"
"Oak-Hickory-WhitePine Forest","Broad Meadow Brook","lasnea","Lasius","nearcticus"
"Oak-Hickory-WhitePine Forest","Broad Meadow Brook","aphrud","Aphaenogaster ","rudis"
"Oak-Hickory-WhitePine Forest","Broad Meadow Brook","forsub3","Formica ","subsericea"
"Oak-Hickory-WhitePine Forest","Broad Meadow Brook","campen","Camponotus ","pennsylvanicus"
"Oak-Hickory-WhitePine Forest","Broad Meadow Brook","aphrud","Aphaenogaster ","rudis"
"Oak-Hickory-WhitePine Forest","Broad Meadow Brook","lasspe","Lasius","speculiventris"
"Oak-Hickory-WhitePine Forest","Broad Meadow Brook","aphrud","Aphaenogaster ","rudis"
"Oak-Hickory-WhitePine Forest","Broad Meadow Brook","campen","Camponotus ","pennsylvanicus"
"Oak-Hickory-WhitePine Forest","Broad Meadow Brook","lascla","Acanthomyops","claviger"
"Oak-Hickory-WhitePine Forest","Broad Meadow Brook","lasali","Lasius","alienus"
"Oak-Hickory-WhitePine Forest","Broad Meadow Brook","campen","Camponotus ","pennsylvanicus"
"Oak-Hickory-WhitePine Forest","Broad Meadow Brook","lasali","Lasius","alienus"
"Oak-Hickory-WhitePine Forest","Broad Meadow Brook","lasali","Lasius","alienus"
"Oak-Hickory-WhitePine Forest","Broad Meadow Brook","campen","Camponotus ","pennsylvanicus"
"Oak-Hickory-WhitePine Forest","Broad Meadow Brook","lasali","Lasius","alienus"
"Oak-Hickory-WhitePine Forest","Broad Meadow Brook","myrpun","Myrmica","punctiventris"
"Oak-Hickory-WhitePine Forest","Broad Meadow Brook","forsub3","Formica ","subsericea"
"Oak-Hickory-WhitePine Forest","Old Town Hill","campen","Camponotus ","pennsylvanicus"
"Oak-Hickory-WhitePine Forest","Old Town Hill","aphrud","Aphaenogaster ","rudis"
"Oak-Hickory-WhitePine Forest","Old Town Hill","myrdet","Myrmica","detritinodis"
"Oak-Hickory-WhitePine Forest","Old Town Hill","myrdet","Myrmica","detritinodis"
"Oak-Hickory-WhitePine Forest","Old Town Hill","lasali","Lasius","alienus"
"Oak-Hickory-WhitePine Forest","Old Town Hill","lasali","Lasius","alienus"
"Oak-Hickory-WhitePine Forest","Old Town Hill","laslat","Acanthomyops","latipes"
"Oak-Hickory-WhitePine Forest","Old Town Hill","myrdet","Myrmica","detritinodis"
"Oak-Hickory-WhitePine Forest","Old Town Hill","proame","Protomognathus","americanus"
"Oak-Hickory-WhitePine Forest","Old Town Hill","aphrud","Aphaenogaster ","rudis"
"Oak-Hickory-WhitePine Forest","Old Town Hill","aphrud","Aphaenogaster ","rudis"
"Oak-Hickory-WhitePine Forest","Old Town Hill","aphrud","Aphaenogaster ","rudis"
"Oak-Hickory-WhitePine Forest","Old Town Hill","aphrud","Aphaenogaster ","rudis"
"Oak-Hickory-WhitePine Forest","Old Town Hill","myrdet","Myrmica","detritinodis"
"Oak-Hickory-WhitePine Forest","Old Town Hill","lasali","Lasius","alienus"
"Oak-Hickory-WhitePine Forest","Old Town Hill","lasali","Lasius","alienus"
"Oak-Hickory-WhitePine Forest","Old Town Hill","lasali","Lasius","alienus"
"Oak-Hickory-WhitePine Forest","Old Town Hill","campen","Camponotus ","pennsylvanicus"
"Oak-Hickory-WhitePine Forest","Old Town Hill","myrdet","Myrmica","detritinodis"
"Oak-Hickory-WhitePine Forest","Old Town Hill","aphful","Aphaenogaster ","fulva"
"Oak-Hickory-WhitePine Forest","Old Town Hill","lasali","Lasius","alienus"
"Oak-Hickory-WhitePine Forest","Old Town Hill","campen","Camponotus ","pennsylvanicus"
"Oak-Hickory-WhitePine Forest","Old Town Hill","campen","Camponotus ","pennsylvanicus"
"Oak-Hickory-WhitePine Forest","Old Town Hill","myrnea","Myrmica","nearctica"
"Oak-Hickory-WhitePine Forest","Old Town Hill","aphrud","Aphaenogaster ","rudis"
"Oak-Hickory-WhitePine Forest","Old Town Hill","lasali","Lasius","alienus"
"Oak-Hickory-WhitePine Forest","Old Town Hill","NA","Lasius","NA"
"Oak-Hickory-WhitePine Forest","Old Town Hill","aphrud","Aphaenogaster ","rudis"
"Oak-Hickory-WhitePine Forest","Old Town Hill","lasali","Lasius","alienus"
"Oak-Hickory-WhitePine Forest","Old Town Hill","aphrud","Aphaenogaster ","rudis"
"Oak-Hickory-WhitePine Forest","Old Town Hill","campen","Camponotus ","pennsylvanicus"
"Oak-Hickory-WhitePine Forest","Old Town Hill","aphrud","Aphaenogaster ","rudis"
"Oak-Hickory-WhitePine Forest","Old Town Hill","aphrud","Aphaenogaster ","rudis"
"Oak-Hickory-WhitePine Forest","Old Town Hill","myrdet","Myrmica","detritinodis"
"Oak-Hickory-WhitePine Forest","Old Town Hill","campen","Camponotus ","pennsylvanicus"
"Oak-Hickory-WhitePine Forest","Old Town Hill","aphrud","Aphaenogaster ","rudis"
"Oak-Hickory-WhitePine Forest","Old Town Hill","tapses","Tapinoma","sessile"
"Oak-Hickory-WhitePine Forest","Old Town Hill","tapses","Tapinoma","sessile"
"Oak-Hickory-WhitePine Forest","Old Town Hill","aphrud","Aphaenogaster ","rudis"
"Oak-Hickory-WhitePine Forest","Old Town Hill","forneo1","Formica ","neogagates"
"Oak-Hickory-WhitePine Forest","Old Town Hill","forneo1","Formica ","neogagates"
"Oak-Hickory-WhitePine Forest","Old Town Hill","aphrud","Aphaenogaster ","rudis"
"Oak-Hickory-WhitePine Forest","Old Town Hill","lasali","Lasius","alienus"
"Oak-Hickory-WhitePine Forest","Old Town Hill","steimp","Stenamma","impar"
"Oak-Hickory-WhitePine Forest","Doyle Center","lasnea","Lasius","nearcticus"
"Oak-Hickory-WhitePine Forest","Doyle Center","lasnea","Lasius","nearcticus"
"Oak-Hickory-WhitePine Forest","Doyle Center","lasnea","Lasius","nearcticus"
"Oak-Hickory-WhitePine Forest","Doyle Center","lasnea","Lasius","nearcticus"
"Oak-Hickory-WhitePine Forest","Doyle Center","lasumb","Lasius","umbratus"
"Oak-Hickory-WhitePine Forest","Doyle Center","lasumb","Lasius","umbratus"
"Oak-Hickory-WhitePine Forest","Doyle Center","campen","Camponotus ","pennsylvanicus"
"Oak-Hickory-WhitePine Forest","Doyle Center","aphrud","Aphaenogaster ","rudis"
"Oak-Hickory-WhitePine Forest","Doyle Center","aphrud","Aphaenogaster ","rudis"
"Oak-Hickory-WhitePine Forest","Doyle Center","aphrud","Aphaenogaster ","rudis"
"Oak-Hickory-WhitePine Forest","Doyle Center","aphrud","Aphaenogaster ","rudis"
"Oak-Hickory-WhitePine Forest","Doyle Center","aphrud","Aphaenogaster ","rudis"
"Oak-Hickory-WhitePine Forest","Drumlin Farm","campen","Camponotus ","pennsylvanicus"
"Oak-Hickory-WhitePine Forest","Drumlin Farm","campen","Camponotus ","pennsylvanicus"
"Oak-Hickory-WhitePine Forest","Drumlin Farm","campen","Camponotus ","pennsylvanicus"
"Oak-Hickory-WhitePine Forest","Drumlin Farm","campen","Camponotus ","pennsylvanicus"
"Oak-Hickory-WhitePine Forest","Drumlin Farm","campen","Camponotus ","pennsylvanicus"
"Oak-Hickory-WhitePine Forest","Drumlin Farm","campen","Camponotus ","pennsylvanicus"
"Oak-Hickory-WhitePine Forest","Drumlin Farm","forneo1","Formica ","neogagates"
"Oak-Hickory-WhitePine Forest","Drumlin Farm","temlon","Temnothorax","longispinosis"
"Oak-Hickory-WhitePine Forest","Drumlin Farm","temlon","Temnothorax","longispinosis"
"Oak-Hickory-WhitePine Forest","Drumlin Farm","temlon","Temnothorax","longispinosis"
"Oak-Hickory-WhitePine Forest","Drumlin Farm","temlon","Temnothorax","longispinosis"
"Oak-Hickory-WhitePine Forest","Drumlin Farm","temcur","Temnothorax","curvispinosis"
"Oak-Hickory-WhitePine Forest","Drumlin Farm","lasnea","Lasius","nearcticus"
"Oak-Hickory-WhitePine Forest","Drumlin Farm","lasnea","Lasius","nearcticus"
"Oak-Hickory-WhitePine Forest","Drumlin Farm","lascla","Acanthomyops","claviger"
"Oak-Hickory-WhitePine Forest","Drumlin Farm","forneo1","Formica ","neogagates"
"Oak-Hickory-WhitePine Forest","Drumlin Farm","myrdet","Myrmica","detritinodis"
"Oak-Hickory-WhitePine Forest","Drumlin Farm","myrdet","Myrmica","detritinodis"
"Oak-Hickory-WhitePine Forest","Drumlin Farm","myrdet","Myrmica","detritinodis"
"Oak-Hickory-WhitePine Forest","Drumlin Farm","aphrud","Aphaenogaster ","rudis"
"Oak-Hickory-WhitePine Forest","Drumlin Farm","aphrud","Aphaenogaster ","rudis"
"Oak-Hickory-WhitePine Forest","Drumlin Farm","aphrud","Aphaenogaster ","rudis"
"Oak-Hickory-WhitePine Forest","Drumlin Farm","aphrud","Aphaenogaster ","rudis"
"Oak-Hickory-WhitePine Forest","Drumlin Farm","myrpun","Myrmica","punctiventris"
"Oak-Hickory-WhitePine Forest","Drumlin Farm","steimp","Stenamma","impar"
"Oak-Hickory-WhitePine Forest","Drumlin Farm","temcur","Temnothorax","curvispinosis"
"Oak-Hickory-WhitePine Forest","Drumlin Farm","myrpun","Myrmica","punctiventris"
"Oak-Hickory-WhitePine Forest","Ipswich River","aphrud","Aphaenogaster ","rudis"
"Oak-Hickory-WhitePine Forest","Ipswich River","aphrud","Aphaenogaster ","rudis"
"Oak-Hickory-WhitePine Forest","Ipswich River","campen","Camponotus ","pennsylvanicus"
"Oak-Hickory-WhitePine Forest","Ipswich River","aphrud","Aphaenogaster ","rudis"
"Oak-Hickory-WhitePine Forest","Ipswich River","forsub3","Formica ","subsericea"
"Oak-Hickory-WhitePine Forest","Ipswich River","forsub3","Formica ","subsericea"
"Oak-Hickory-WhitePine Forest","Ipswich River","lasnea","Lasius","nearcticus"
"Oak-Hickory-WhitePine Forest","Ipswich River","lasali","Lasius","alienus"
"Oak-Hickory-WhitePine Forest","Ipswich River","aphrud","Aphaenogaster ","rudis"
"Oak-Hickory-WhitePine Forest","Ipswich River","aphrud","Aphaenogaster ","rudis"
"Oak-Hickory-WhitePine Forest","Ipswich River","myrpun","Myrmica","punctiventris"
"Oak-Hickory-WhitePine Forest","Ipswich River","campen","Camponotus ","pennsylvanicus"
"Oak-Hickory-WhitePine Forest","Ipswich River","forsub3","Formica ","subsericea"
"Oak-Hickory-WhitePine Forest","Ipswich River","forsub3","Formica ","subsericea"
"Oak-Hickory-WhitePine Forest","Ipswich River","forsub1","Formica ","subaenescens"
"Oak-Hickory-WhitePine Forest","Ipswich River","campen","Camponotus ","pennsylvanicus"
"Oak-Hickory-WhitePine Forest","Ipswich River","campen","Camponotus ","pennsylvanicus"
"Oak-Hickory-WhitePine Forest","Ipswich River","forsub3","Formica ","subsericea"
"Oak-Hickory-WhitePine Forest","Ipswich River","forsub1","Formica ","subaenescens"
"Oak-Hickory-WhitePine Forest","Ipswich River","forsub3","Formica ","subsericea"
"Oak-Hickory-WhitePine Forest","Ipswich River","campen","Camponotus ","pennsylvanicus"
"Oak-Hickory-WhitePine Forest","Ipswich River","forsub3","Formica ","subsericea"
"Oak-Hickory-WhitePine Forest","Ipswich River","campen","Camponotus ","pennsylvanicus"
"Oak-Hickory-WhitePine Forest","Ipswich River","aphrud","Aphaenogaster ","rudis"
"Oak-Hickory-WhitePine Forest","Ipswich River","campen","Camponotus ","pennsylvanicus"
"Oak-Hickory-WhitePine Forest","Ipswich River","campen","Camponotus ","pennsylvanicus"
"Oak-Hickory-WhitePine Forest","Ipswich River","campen","Camponotus ","pennsylvanicus"
"Oak-Hickory-WhitePine Forest","Ipswich River","forsub3","Formica ","subsericea"
"Oak-Hickory-WhitePine Forest","Ipswich River","lasali","Lasius","alienus"
"Oak-Hickory-WhitePine Forest","Ipswich River","lasnea","Lasius","nearcticus"
"Oak-Hickory-WhitePine Forest","Ipswich River","myrpun","Myrmica","punctiventris"
"Oak-Hickory-WhitePine Forest","Ipswich River","myrdet","Myrmica","detritinodis"
"Oak-Hickory-WhitePine Forest","Ipswich River","forsub3","Formica ","subsericea"
"Oak-Hickory-WhitePine Forest","Ipswich River","myrdet","Myrmica","detritinodis"
"Oak-Hickory-WhitePine Forest","Ipswich River","aphrud","Aphaenogaster ","rudis"
"Oak-Hickory-WhitePine Forest","Moose Hill","aphrud","Aphaenogaster ","rudis"
"Oak-Hickory-WhitePine Forest","Moose Hill","aphrud","Aphaenogaster ","rudis"
"Oak-Hickory-WhitePine Forest","Moose Hill","forsub3","Formica ","subsericea"
"Oak-Hickory-WhitePine Forest","Moose Hill","forper","Formica ","pergandei"
"Oak-Hickory-WhitePine Forest","Moose Hill","forsub1","Formica ","subaenescens"
"Oak-Hickory-WhitePine Forest","Moose Hill","lascla","Acanthomyops","claviger"
"Oak-Hickory-WhitePine Forest","Moose Hill","lasnea","Lasius","nearcticus"
"Oak-Hickory-WhitePine Forest","Moose Hill","lascla","Acanthomyops","claviger"
"Oak-Hickory-WhitePine Forest","Moose Hill","campen","Camponotus ","pennsylvanicus"
"Oak-Hickory-WhitePine Forest","Moose Hill","lasnea","Lasius","nearcticus"
"Oak-Hickory-WhitePine Forest","Moose Hill","lasnea","Lasius","nearcticus"
"Oak-Hickory-WhitePine Forest","Moose Hill","aphrud","Aphaenogaster ","rudis"
"Oak-Hickory-WhitePine Forest","Moose Hill","forsub3","Formica ","subsericea"
"Oak-Hickory-WhitePine Forest","Moose Hill","tapses","Tapinoma","sessile"
"Oak-Hickory-WhitePine Forest","Moose Hill","lasnea","Lasius","nearcticus"
"Oak-Hickory-WhitePine Forest","Moose Hill","aphrud","Aphaenogaster ","rudis"
"Oak-Hickory-WhitePine Forest","Moose Hill","campen","Camponotus ","pennsylvanicus"
"Oak-Hickory-WhitePine Forest","Moose Hill","campen","Camponotus ","pennsylvanicus"
"Oak-Hickory-WhitePine Forest","Moose Hill","campen","Camponotus ","pennsylvanicus"
"Oak-Hickory-WhitePine Forest","Moose Hill","lasnea","Lasius","nearcticus"
"Oak-Hickory-WhitePine Forest","Moose Hill","aphrud","Aphaenogaster ","rudis"
"Oak-Hickory-WhitePine Forest","Moose Hill","lasnea","Lasius","nearcticus"
"Oak-Hickory-WhitePine Forest","Moose Hill","camchr","Camponotus ","chromaiodes"
"Oak-Hickory-WhitePine Forest","Moose Hill","campen","Camponotus ","pennsylvanicus"
"Oak-Hickory-WhitePine Forest","Moose Hill","tapses","Tapinoma","sessile"
"Oak-Hickory-WhitePine Forest","Moose Hill","aphrud","Aphaenogaster ","rudis"
"Oak-Hickory-WhitePine Forest","Moose Hill","campen","Camponotus ","pennsylvanicus"
"Oak-Hickory-WhitePine Forest","Moose Hill","tapses","Tapinoma","sessile"
"Oak-Hickory-WhitePine Forest","Moose Hill","forsub3","Formica ","subsericea"
"Oak-Hickory-WhitePine Forest","Moose Hill","forsub3","Formica ","subsericea"
"Oak-Hickory-WhitePine Forest","Moose Hill","forper","Formica ","pergandei"
"Oak-Hickory-WhitePine Forest","Moose Hill","aphrud","Aphaenogaster ","rudis"
"Oak-Hickory-WhitePine Forest","Moose Hill","campen","Camponotus ","pennsylvanicus"
"Oak-Hickory-WhitePine Forest","Moose Hill","lasumb","Lasius","umbratus"
"Oak-Hickory-WhitePine Forest","Moose Hill","aphrud","Aphaenogaster ","rudis"
"Oak-Hickory-WhitePine Forest","Moose Hill","myrpun","Myrmica","punctiventris"
"Oak-Hickory-WhitePine Forest","Nashoba Brook","campen","Camponotus ","pennsylvanicus"
"Oak-Hickory-WhitePine Forest","Nashoba Brook","aphrud","Aphaenogaster ","rudis"
"Oak-Hickory-WhitePine Forest","Nashoba Brook","temcur","Temnothorax","curvispinosis"
"Oak-Hickory-WhitePine Forest","Nashoba Brook","campen","Camponotus ","pennsylvanicus"
"Oak-Hickory-WhitePine Forest","Nashoba Brook","lasnea","Lasius","nearcticus"
"Oak-Hickory-WhitePine Forest","Nashoba Brook","campen","Camponotus ","pennsylvanicus"
"Oak-Hickory-WhitePine Forest","Nashoba Brook","lasali","Lasius","alienus"
"Oak-Hickory-WhitePine Forest","Nashoba Brook","campen","Camponotus ","pennsylvanicus"
"Oak-Hickory-WhitePine Forest","Nashoba Brook","campen","Camponotus ","pennsylvanicus"
"Oak-Hickory-WhitePine Forest","Nashoba Brook","aphrud","Aphaenogaster ","rudis"
"Oak-Hickory-WhitePine Forest","Nashoba Brook","myrpun","Myrmica","punctiventris"
"Oak-Hickory-WhitePine Forest","Nashoba Brook","campen","Camponotus ","pennsylvanicus"
"Oak-Hickory-WhitePine Forest","Nashoba Brook","lasali","Lasius","alienus"
"Oak-Hickory-WhitePine Forest","Nashoba Brook","lasnea","Lasius","nearcticus"
"Oak-Hickory-WhitePine Forest","Nashoba Brook","aphrud","Aphaenogaster ","rudis"
"Oak-Hickory-WhitePine Forest","Nashoba Brook","aphrud","Aphaenogaster ","rudis"
"Oak-Hickory-WhitePine Forest","Nashoba Brook","lascla","Acanthomyops","claviger"
"Oak-Hickory-WhitePine Forest","Nashoba Brook","aphrud","Aphaenogaster ","rudis"
"Oak-Hickory-WhitePine Forest","Nashoba Brook","aphrud","Aphaenogaster ","rudis"
"Oak-Hickory-WhitePine Forest","Nashoba Brook","campen","Camponotus ","pennsylvanicus"
"Oak-Hickory-WhitePine Forest","Nashoba Brook","campen","Camponotus ","pennsylvanicus"
"Oak-Hickory-WhitePine Forest","Nashoba Brook","campen","Camponotus ","pennsylvanicus"
"Oak-Hickory-WhitePine Forest","Nashoba Brook","myrdet","Myrmica","detritinodis"
"Oak-Hickory-WhitePine Forest","Nashoba Brook","lasnea","Lasius","nearcticus"
"Oak-Hickory-WhitePine Forest","Nashoba Brook","aphrud","Aphaenogaster ","rudis"
"Oak-Hickory-WhitePine Forest","Nashoba Brook","lasnea","Lasius","nearcticus"
"Oak-Hickory-WhitePine Forest","Nashoba Brook","lasnea","Lasius","nearcticus"
"Oak-Hickory-WhitePine Forest","Nashoba Brook","campen","Camponotus ","pennsylvanicus"
"Oak-Hickory-WhitePine Forest","Nashoba Brook","aphrud","Aphaenogaster ","rudis"
"Oak-Hickory-WhitePine Forest","Nashoba Brook","aphrud","Aphaenogaster ","rudis"
"Oak-Hickory-WhitePine Forest","Nashoba Brook","lascla","Acanthomyops","claviger"
"Oak-Hickory-WhitePine Forest","Nashoba Brook","aphrud","Aphaenogaster ","rudis"
"Oak-Hickory-WhitePine Forest","Nashoba Brook","forsub3","Formica ","subsericea"
"Oak-Hickory-WhitePine Forest","Nashoba Brook","myrpun","Myrmica","punctiventris"
"Oak-Hickory-WhitePine Forest","Nashoba Brook","lasnea","Lasius","nearcticus"
"Oak-Hickory-WhitePine Forest","Nashoba Brook","myrdet","Myrmica","detritinodis"
"Oak-Hickory-WhitePine Forest","Nashoba Brook","aphrud","Aphaenogaster ","rudis"
"Oak-Hickory-WhitePine Forest","Nashoba Brook","aphrud","Aphaenogaster ","rudis"
"Oak-Hickory-WhitePine Forest","Graves Farm","lasnea","Lasius","nearcticus"
"Oak-Hickory-WhitePine Forest","Graves Farm","lasnea","Lasius","nearcticus"
"Oak-Hickory-WhitePine Forest","Graves Farm","aphrud","Aphaenogaster ","rudis"
"Oak-Hickory-WhitePine Forest","Graves Farm","aphrud","Aphaenogaster ","rudis"
"Oak-Hickory-WhitePine Forest","Graves Farm","aphrud","Aphaenogaster ","rudis"
"Oak-Hickory-WhitePine Forest","Graves Farm","aphrud","Aphaenogaster ","rudis"
"Oak-Hickory-WhitePine Forest","Graves Farm","aphrud","Aphaenogaster ","rudis"
"Oak-Hickory-WhitePine Forest","Graves Farm","lasali","Lasius","alienus"
"Oak-Hickory-WhitePine Forest","Graves Farm","lasali","Lasius","alienus"
"Oak-Hickory-WhitePine Forest","Graves Farm","lasnea","Lasius","nearcticus"
"Oak-Hickory-WhitePine Forest","Graves Farm","lasali","Lasius","alienus"
"Oak-Hickory-WhitePine Forest","Graves Farm","lasali","Lasius","alienus"
"Oak-Hickory-WhitePine Forest","Graves Farm","lasnea","Lasius","nearcticus"
"Oak-Hickory-WhitePine Forest","Graves Farm","campen","Camponotus ","pennsylvanicus"
"Oak-Hickory-WhitePine Forest","Graves Farm","lasali","Lasius","alienus"
"Oak-Hickory-WhitePine Forest","Graves Farm","aphrud","Aphaenogaster ","rudis"
"Oak-Hickory-WhitePine Forest","Graves Farm","aphrud","Aphaenogaster ","rudis"
"Oak-Hickory-WhitePine Forest","Graves Farm","lasali","Lasius","alienus"
"Oak-Hickory-WhitePine Forest","Graves Farm","lasali","Lasius","alienus"
