"Raw data used for analyses in Gotelli, N.J., and A.M. Ellison. 2006. Food-web models predict species abundance in response to habitat change. PLoS Biology 44(10): e324. DOI: 10.1371/journal.pbio.0040324",,,,,,,,,,
,,,,,,,,,,
Treatment: Leaf manipulations: A = Control; B = Trophic Removal; C = Habitat Expansion; D = Habitat Expansion & Trophic Removal; E = Habitat Contraction & Trophic Removal.,,,,,,,,,,
Leaf Age: X = Previous year?s leaf; A = First leaf; B = Second leaf.,,,,,,,,,,
Plant ID: Unique identification number for each plant assigned to an experimental treatment.,,,,,,,,,,
Leaf Volume: Average habitat volume (ml) for each leaf during the experiment.,,,,,,,,,,
Species (Protozoa ? Wyeomyia): Average abundance of individual taxa and prey measured in the experiment. Protozoa data were log2(x + 1) transformed.,,,,,,,,,,
,,,,,,,,,,
,,,,,,,,,,
Treatment,Plant Age,Plant ID,Leaf Volume,ln(Protozoa),Metriocnemus,Fletcherimyia,Sarraceniopus,Habrotrocha,Prey,Wyeomyia
A,X,A5,5.65,0.9316,7,0.0714,0.2308,5.1429,0.8571,0.2857
A,A,A5,7.1375,4.2084,2.625,0.25,0.125,5.875,5.25,4
A,X,A29,2.0714,3.2728,3.0714,0.0714,0.7692,21.3846,0.2857,0.3571
A,A,A29,4.08,0,1.8,0,0.4,10,1.2,4.6
A,X,A1,0.5643,2.8861,0.2143,0,0,3.1538,0.2143,0
A,A,A1,3.6143,2.8983,3.1429,0,0.2857,3.4286,8,3.1429
A,X,A13,26.1571,2.1812,10.7857,0.0714,0.2857,5.7857,2.7143,3.2857
A,A,A13,2.6667,2.8717,2,0,0.1667,3.5,0,3.6667
A,A,A4,14.45,2.8717,11.1667,0,1.3333,10.3333,3.6667,1.6667
A,X,A7,8.0714,0,4.2143,0.0714,0.3846,8.3846,2.7143,0.7143
A,A,A7,2.4571,3.7809,0.8571,0,0,11.8571,0.7143,0
A,B,A7,7.7667,4.3307,6.25,0.75,0,3.25,2.25,1
A,X,A49,3.6857,8.0943,7.4286,0.8462,0.6154,27.0769,1.9231,0.7143
A,X,A45,1.5929,3.1813,2.2857,0,0.0769,2.1538,0.1429,0.4286
A,B,A45,1.1,0,2,0,0,1,0,7.5
A,X,A30,5.3429,2.2472,3.3571,0,0.3077,15.1538,1.0714,0.9286
A,B,A30,6.675,0,0.75,0,2,4,1,1.25
A,X,A15,2.3833,1.1451,1.3333,0,0.2143,8.6429,0.4286,0
A,A,A15,1.85,0,0.75,0.125,0.125,8.125,0.375,0
B,X,B32,0.1786,1.5782,0.4615,0,0.2308,4.6923,0.0769,0
B,A,B32,1.7857,3.7809,2.5714,0.1429,0,15.4286,0,0.1429
B,B,B32,4.48,3.0445,1.2,0.2,1.6,9.6,6.2,0.4
B,X,B22,4.6,0,1,0,2.4692,3.0769,0.5,0.0714
B,A,B22,4.8714,5.0173,1.8571,0.2857,0.2857,3.2857,2.8571,0.1429
B,B,B22,3.8571,4.7499,1.4286,0.4286,1.4286,4.8571,1.4286,0.4286
B,X,B42,4.0571,0.1542,2.8571,0,0.4167,10.25,0.5714,1.0769
B,A,B42,1.9286,2.0971,2.1429,0,0,2.4286,0.4286,0
B,B,B42,3.38,0,1.4,0,0.2,1.4,1,1.2
B,X,B24,3.7571,2.5883,1.0714,0.0714,0.6923,9.2308,0.5,0
B,A,B24,0.15,0,0.6667,0,0.3333,0.3333,0,1.1667
B,B,B24,4.8,4.6151,2,0,0.3333,3.6667,2.6667,12.3333
B,X,B11,4.1143,2.1624,0.8571,0,0.3077,13.3077,1.1429,0
B,A,B11,4.4667,3.7136,3,0.1429,0.1429,6.4,0.8571,1.1429
B,X,B36,7.8143,2.4323,2.6429,0,0,14.1538,1.0714,0
B,A,B36,9.4029,3.7809,0.4286,0.1429,0.1429,3.7143,3.2857,0.1429
B,B,B36,1.8,0,0.5,0,0,0.5,0,13
B,X,B47,21.4071,0,8,0,0.1538,21.5,2.6667,2
B,A,B47,7.58,2.3979,5.2,0.2,2.4,0.4,8,0.8
B,X,B39,2.7714,0,0.6429,0,0.0769,11.5,0.5,0.0714
B,A,B39,4.26,0,5,0.2,0.4,1.2,4,1.2
B,X,B37,10.4929,2.1624,6.0714,0,0.0769,17.5385,0.9286,1
B,A,B37,4.9286,7.1374,0.4286,0.2857,0.7143,14,1.5714,0.8571
C,X,C50,13.2571,4.5523,8.9286,0,0.2143,18.6154,1.0769,0.3541
C,A,C50,7.0375,0.8109,1.875,0.125,0,7,0.5,0
C,B,C50,23.5,3.9318,1.3333,0.3333,0,5.5,2.1667,1.6667
C,X,C16,2.1714,0,0.7143,0,0.6923,11.2308,0.5,0
C,A,C16,1.05,0,0.2,0,0,0.4,0,0
C,X,C35,4.6429,1.7255,0.5714,0,0.4615,17.3846,0.2143,0
C,A,C35,4.8333,0,0.8333,0,0.1667,1.6667,0,0
C,X,C34,12.0429,1.5782,1.6154,0,0.6154,9.1538,0.7857,1.2143
C,B,C34,19.9,1.4663,4.3333,0,0.8333,2.1667,7.5,0.8333
C,X,C12,20.4,0.9316,5.9286,0,0.3333,11.4615,1.2143,0
C,A,C12,4.9714,1.3499,3,0.1429,0.1429,4.1429,14.5714,0.4286
C,B,C12,43.5,3.434,0.25,0.25,0.5,2.5,9.75,1.25
C,X,C17,36.3429,0,1.2143,0,0.4615,2.4615,1.2857,0.9286
C,A,C17,15.8333,3.2581,1.3333,0.1667,0.3333,0.8333,5.8333,2.6667
C,X,C14,10.8357,0.3254,2.2143,0,1.1538,12.7692,1,0.3077
C,A,C14,13.9,2.8717,3,0.6667,0,1,2,2
C,X,C44,4.3786,2.1624,1.9286,0,0.1538,5.8462,0.2143,0.7143
C,A,C44,21.2833,1.7636,13,0.1667,0.1667,0.1667,0,3.6667
C,X,C6,5.05,1.7255,0.5,0.7143,0.1538,4.4615,3.8571,0
C,A,C6,25.2,3.9318,1.5,0.375,0.25,1.875,8.625,1
C,B,C6,18.42,3.434,2,0,0,2.6,6.6,0.5
C,X,C8,7.1143,2.2057,2.9286,0,0.3846,24.2308,1.2143,0.6429
C,A,C8,26.2143,3.9318,1.1429,0.2857,0,2.1429,5.2857,0.1429
C,B,C8,17,3.8067,0.8,0.2,0,2.6,2.8,1.8
D,X,D3,4.6429,0,3.2857,0,0.6923,4.6154,0.3571,1.3571
D,A,D3,5.8143,0,1,0,0.2857,5.2857,9.1667,1.2857
D,B,D3,14.15,4.0832,4,0.6667,0.6667,5.8333,5.5,1.5
D,X,D46,12.9714,3.4942,9.7857,0,0.3077,5.3077,1.2143,3.4286
D,A,D46,10.1571,4.2826,6.1429,0,0.1429,4.4286,2,5.5714
D,B,D46,3.75,0,8.75,4.25,0,0,0,10.15
D,X,D43,7.8,5.7424,6.6,0,0.2,13.5,0.9,1.4
D,A,D43,19.0375,2.7726,7.125,0,0.125,9.875,5.75,2
D,B,D43,27.6,0,3.4,0.2,0.8,6.4,2.6,6.4
D,X,D33,50.5512,3.2432,18.2857,0,0.3846,3.5385,2.5,3.8571
D,A,D33,34.64,0,1.6,0.2,0.25,1.5,2,4.2
D,X,D40,23.1786,0.6506,16.9286,0,0,3.75,2.4286,2.6429
D,A,D40,21.0714,4.3021,16.1429,0,0,3.2857,8.2857,3.7143
D,B,D40,2.54,1.0986,2.2,0,0,1.4,0.2,3.8
D,X,D31,9.6071,0.5705,2.3571,0,0.7692,15.3846,1.7692,0.2857
D,A,D31,18.1,2.3979,1.2857,0.1429,0,7.1429,2.8571,2.2857
D,B,D31,3.3333,0,0.6667,0,0,6,0.3333,7.6667
D,X,D10,7.5143,0.5705,1.0714,0.0714,0.1538,20.6154,0.7143,0.6429
D,A,D10,18.5625,2.2773,6.375,0,0.625,7.125,28.5,2.125
D,X,D9,4.35,2.5883,2.5,0,0.3077,26.4615,1.0769,0.1429
D,A,D9,9.1625,2.1401,2.125,0.625,0.875,5.25,5.2857,0.875
D,B,D9,9.7667,0,1,0.3333,0.3333,6.6667,2.3333,0.3333
D,X,D41,9.2571,2.3191,3.4286,0,2.1538,8.75,0.2857,0.3571
D,A,D41,8,0,2.1429,0,0.5714,1.4286,0.1429,0.2857
D,B,D41,15.45,0,1.6667,0.1667,0.6667,2.6667,1.6667,2.1667
D,X,D19,7.9857,1.4053,2.5714,0,0.4615,7.0769,0.8462,0.9286
D,A,D19,,1.8083,2.7262,0.1406,0.7493,8.1782,5.0172,0.9018
E,X,E25,1.8071,0.9316,1,0,0,1.0769,0,0.6429
E,A,E25,2,4.6151,14.25,0,0.25,1.75,0.5,4.25
E,X,E38,2.4286,0.5705,1.4286,0,0,9.8462,0.0714,0.5
E,A,E38,0.76,0,0.6,0.2,0,1,1,2.6
E,X,E21,0.0929,0,0,0,0.0714,3,0,0
E,A,E21,2,5.9655,2.125,0,0,5.75,0.125,0.125
E,X,E18,2.3857,0,0.8571,0,0.0769,1.3077,1.1429,0
E,A,E18,2.1,4.0832,1.3333,0.1667,1,13.3333,1.8333,0
E,X,E2,5.0643,3.2127,2.7857,0,0.6154,13,0.7143,0.2857
E,A,E2,1.2333,2.8717,1.6667,0,0.3333,11.1667,0.8333,0.8333
E,B,E2,1.2667,0,0.6667,0,0,4.3333,0.3333,3.6667
E,X,E27,1.8143,0,0.7143,0,0,0.8462,0,0.2143
E,A,E27,0.4857,0,3.3333,0,2.7143,1.2857,0.4286,0
E,B,E27,0.6,3.5361,0,0,1,4.6667,0.6667,1.3333
E,X,E48,3.0857,0,5.1429,0,0.0769,6.3077,0.0714,0.2143
E,A,E48,1.98,0,1.6,0,0,6.4,1.2,0.2
E,B,E48,2.5,0,1.5,0.25,0,5.75,0.25,2.75
E,X,E23,1.6714,1.7255,1.7143,0,0,3.4615,0.2143,0.9286
E,A,E23,3.7125,3.9318,4.75,0.375,0.375,6.25,2.25,0
E,B,E23,3.0143,4.7474,2.4286,0.1429,1.1429,6.1429,1,0.7143
E,X,E26,1.3714,0,2.2143,0.5714,0,4.7143,0.3571,0.1429
E,A,E26,4.5,0.9808,0.5,0,1,10.3333,0.1667,2.6667
E,B,E26,1,0,1.75,0.25,0,11,0.25,1.5
E,X,E28,1.7071,0,0.2857,0,0.3077,5.4615,0.0714,0.7143
E,A,E28,1.3833,3.7136,2,0.3333,0,6.8,2.1667,0.1667
E,B,E28,1.025,3.9318,0.5,0.25,0,6.25,1.25,0.25
,,,,,,,,,,
END OF FILE,,,,,,,,,,
