root,treatment,growth_mm_d
1,Control,-0.05
2,Control,0.19
3,Control,0.84
4,Control,0.11
5,Control,0.08
6,Control,-0.18
7,Control,0.38
8,Control,1.04
9,Control,0.55
10,Control,0.24
11,Control,0.49
12,Control,-0.41
13,Control,0.3
14,Control,1.03
15,Foam,0.73
16,Foam,0.56
17,Foam,0.98
18,Foam,0.53
19,Foam,0.32
20,Foam,0.95
21,Foam,0.55
22,Foam,1.18
23,Foam,0.58
24,Foam,0.36
25,Foam,0.18
26,Foam,1.71
27,Foam,0.65
28,Foam,0.69
29,Haliclona,0.68
30,Haliclona,1.24
31,Haliclona,0.47
32,Haliclona,1.28
33,Haliclona,0.6
34,Haliclona,1.01
35,Haliclona,1.35
36,Haliclona,1.02
37,Haliclona,0.75
38,Haliclona,0.4
39,Haliclona,0.37
40,Haliclona,0.46
41,Haliclona,0.47
42,Haliclona,0.61
43,Tedania,0.63
44,Tedania,0.86
45,Tedania,0.92
46,Tedania,0.09
47,Tedania,1.66
48,Tedania,0.88
49,Tedania,0.68
50,Tedania,1.02
51,Tedania,1.17
52,Tedania,1.18
53,Tedania,1.71
54,Tedania,1.01
55,Tedania,0.42
56,Tedania,0.56
