date,team,side,replicate,needle_length_mm
3/20/25,cephalopods,shady,1,20
3/20/25,cephalopods,shady,2,21
3/20/25,cephalopods,shady,3,23
3/20/25,cephalopods,shady,4,25
3/20/25,cephalopods,shady,5,21
3/20/25,cephalopods,shady,6,16
3/20/25,cephalopods,sunny,1,15
3/20/25,cephalopods,sunny,2,16
3/20/25,cephalopods,sunny,3,14
3/20/25,cephalopods,sunny,4,17
3/20/25,cephalopods,sunny,5,13
3/20/25,cephalopods,sunny,6,15
3/20/25,salmon,shady,1,19
3/20/25,salmon,shady,2,18
3/20/25,salmon,shady,3,20
3/20/25,salmon,shady,4,23
3/20/25,salmon,shady,5,21
3/20/25,salmon,shady,6,18
3/20/25,salmon,sunny,1,12
3/20/25,salmon,sunny,2,13
3/20/25,salmon,sunny,3,14
3/20/25,salmon,sunny,4,12
3/20/25,salmon,sunny,5,12
3/20/25,salmon,sunny,6,14
3/20/25,crayfish,shady,1,20
3/20/25,crayfish,shady,2,21
3/20/25,crayfish,shady,3,23
3/20/25,crayfish,shady,4,25
3/20/25,crayfish,shady,5,21
3/20/25,crayfish,shady,6,16
3/20/25,crayfish,sunny,1,15
3/20/25,crayfish,sunny,2,16
3/20/25,crayfish,sunny,3,14
3/20/25,crayfish,sunny,4,17
3/20/25,crayfish,sunny,5,13
3/20/25,crayfish,sunny,6,15
3/20/25,snail,shady,1,19
3/20/25,snail,shady,2,18
3/20/25,snail,shady,3,20
3/20/25,snail,shady,4,23
3/20/25,snail,shady,5,21
3/20/25,snail,shady,6,18
3/20/25,snail,sunny,1,17
3/20/25,snail,sunny,2,16
3/20/25,snail,sunny,3,19
3/20/25,snail,sunny,4,18
3/20/25,snail,sunny,5,15
3/20/25,snail,sunny,6,16